This is pdfTeX, Version 3.14159265-2.6-1.40.17 (MiKTeX 2.9.6210 64-bit) (preloaded format=pdflatex 2017.3.22)  18 JUL 2017 18:06
entering extended mode
**./PMnotes.tex
(PMnotes.tex
LaTeX2e <2017/01/01> patch level 3
Babel <3.9r> and hyphenation patterns for 75 language(s) loaded.
("C:\Users\15740240\AppData\Local\Programs\MiKTeX 2.9\tex\latex\base\book.cls"
Document Class: book 2014/09/29 v1.4h Standard LaTeX document class
("C:\Users\15740240\AppData\Local\Programs\MiKTeX 2.9\tex\latex\base\bk12.clo"
File: bk12.clo 2014/09/29 v1.4h Standard LaTeX file (size option)
)
\c@part=\count79
\c@chapter=\count80
\c@section=\count81
\c@subsection=\count82
\c@subsubsection=\count83
\c@paragraph=\count84
\c@subparagraph=\count85
\c@figure=\count86
\c@table=\count87
\abovecaptionskip=\skip41
\belowcaptionskip=\skip42
\bibindent=\dimen102
)
("C:\Users\15740240\AppData\Local\Programs\MiKTeX 2.9\tex\latex\geometry\geomet
ry.sty"
Package: geometry 2010/09/12 v5.6 Page Geometry

("C:\Users\15740240\AppData\Local\Programs\MiKTeX 2.9\tex\latex\graphics\keyval
.sty"
Package: keyval 2014/10/28 v1.15 key=value parser (DPC)
\KV@toks@=\toks14
)
("C:\Users\15740240\AppData\Local\Programs\MiKTeX 2.9\tex\generic\oberdiek\ifpd
f.sty"
Package: ifpdf 2016/05/14 v3.1 Provides the ifpdf switch
)
("C:\Users\15740240\AppData\Local\Programs\MiKTeX 2.9\tex\generic\oberdiek\ifvt
ex.sty"
Package: ifvtex 2016/05/16 v1.6 Detect VTeX and its facilities (HO)
Package ifvtex Info: VTeX not detected.
)
("C:\Users\15740240\AppData\Local\Programs\MiKTeX 2.9\tex\generic\ifxetex\ifxet
ex.sty"
Package: ifxetex 2010/09/12 v0.6 Provides ifxetex conditional
)
\Gm@cnth=\count88
\Gm@cntv=\count89
\c@Gm@tempcnt=\count90
\Gm@bindingoffset=\dimen103
\Gm@wd@mp=\dimen104
\Gm@odd@mp=\dimen105
\Gm@even@mp=\dimen106
\Gm@layoutwidth=\dimen107
\Gm@layoutheight=\dimen108
\Gm@layouthoffset=\dimen109
\Gm@layoutvoffset=\dimen110
\Gm@dimlist=\toks15

("C:\Users\15740240\AppData\Local\Programs\MiKTeX 2.9\tex\latex\geometry\geomet
ry.cfg"))
("C:\Users\15740240\AppData\Local\Programs\MiKTeX 2.9\tex\latex\amsmath\amsmath
.sty"
Package: amsmath 2016/11/05 v2.16a AMS math features
\@mathmargin=\skip43

For additional information on amsmath, use the `?' option.

("C:\Users\15740240\AppData\Local\Programs\MiKTeX 2.9\tex\latex\amsmath\amstext
.sty"
Package: amstext 2000/06/29 v2.01 AMS text

("C:\Users\15740240\AppData\Local\Programs\MiKTeX 2.9\tex\latex\amsmath\amsgen.
sty"
File: amsgen.sty 1999/11/30 v2.0 generic functions
\@emptytoks=\toks16
\ex@=\dimen111
))
("C:\Users\15740240\AppData\Local\Programs\MiKTeX 2.9\tex\latex\amsmath\amsbsy.
sty"
Package: amsbsy 1999/11/29 v1.2d Bold Symbols
\pmbraise@=\dimen112
)
("C:\Users\15740240\AppData\Local\Programs\MiKTeX 2.9\tex\latex\amsmath\amsopn.
sty"
Package: amsopn 2016/03/08 v2.02 operator names
)
\inf@bad=\count91
LaTeX Info: Redefining \frac on input line 213.
\uproot@=\count92
\leftroot@=\count93
LaTeX Info: Redefining \overline on input line 375.
\classnum@=\count94
\DOTSCASE@=\count95
LaTeX Info: Redefining \ldots on input line 472.
LaTeX Info: Redefining \dots on input line 475.
LaTeX Info: Redefining \cdots on input line 596.
\Mathstrutbox@=\box26
\strutbox@=\box27
\big@size=\dimen113
LaTeX Font Info:    Redeclaring font encoding OML on input line 712.
LaTeX Font Info:    Redeclaring font encoding OMS on input line 713.
\macc@depth=\count96
\c@MaxMatrixCols=\count97
\dotsspace@=\muskip10
\c@parentequation=\count98
\dspbrk@lvl=\count99
\tag@help=\toks17
\row@=\count100
\column@=\count101
\maxfields@=\count102
\andhelp@=\toks18
\eqnshift@=\dimen114
\alignsep@=\dimen115
\tagshift@=\dimen116
\tagwidth@=\dimen117
\totwidth@=\dimen118
\lineht@=\dimen119
\@envbody=\toks19
\multlinegap=\skip44
\multlinetaggap=\skip45
\mathdisplay@stack=\toks20
LaTeX Info: Redefining \[ on input line 2817.
LaTeX Info: Redefining \] on input line 2818.
)
("C:\Users\15740240\AppData\Local\Programs\MiKTeX 2.9\tex\latex\amsfonts\amssym
b.sty"
Package: amssymb 2013/01/14 v3.01 AMS font symbols

("C:\Users\15740240\AppData\Local\Programs\MiKTeX 2.9\tex\latex\amsfonts\amsfon
ts.sty"
Package: amsfonts 2013/01/14 v3.01 Basic AMSFonts support
\symAMSa=\mathgroup4
\symAMSb=\mathgroup5
LaTeX Font Info:    Overwriting math alphabet `\mathfrak' in version `bold'
(Font)                  U/euf/m/n --> U/euf/b/n on input line 106.
))
("C:\Users\15740240\AppData\Local\Programs\MiKTeX 2.9\tex\latex\amscls\amsthm.s
ty"
Package: amsthm 2015/03/04 v2.20.2
\thm@style=\toks21
\thm@bodyfont=\toks22
\thm@headfont=\toks23
\thm@notefont=\toks24
\thm@headpunct=\toks25
\thm@preskip=\skip46
\thm@postskip=\skip47
\thm@headsep=\skip48
\dth@everypar=\toks26
)
("C:\Users\15740240\AppData\Local\Programs\MiKTeX 2.9\tex\latex\xcolor\xcolor.s
ty"
Package: xcolor 2016/05/11 v2.12 LaTeX color extensions (UK)

("C:\Users\15740240\AppData\Local\Programs\MiKTeX 2.9\tex\latex\graphics-cfg\co
lor.cfg"
File: color.cfg 2016/01/02 v1.6 sample color configuration
)
Package xcolor Info: Driver file: pdftex.def on input line 225.

("C:\Users\15740240\AppData\Local\Programs\MiKTeX 2.9\tex\latex\graphics-def\pd
ftex.def"
File: pdftex.def 2017/01/12 v0.06k Graphics/color for pdfTeX

("C:\Users\15740240\AppData\Local\Programs\MiKTeX 2.9\tex\generic\oberdiek\infw
arerr.sty"
Package: infwarerr 2016/05/16 v1.4 Providing info/warning/error messages (HO)
)
("C:\Users\15740240\AppData\Local\Programs\MiKTeX 2.9\tex\generic\oberdiek\ltxc
mds.sty"
Package: ltxcmds 2016/05/16 v1.23 LaTeX kernel commands for general use (HO)
)
\Gread@gobject=\count103
)
Package xcolor Info: Model `cmy' substituted by `cmy0' on input line 1348.
Package xcolor Info: Model `hsb' substituted by `rgb' on input line 1352.
Package xcolor Info: Model `RGB' extended on input line 1364.
Package xcolor Info: Model `HTML' substituted by `rgb' on input line 1366.
Package xcolor Info: Model `Hsb' substituted by `hsb' on input line 1367.
Package xcolor Info: Model `tHsb' substituted by `hsb' on input line 1368.
Package xcolor Info: Model `HSB' substituted by `hsb' on input line 1369.
Package xcolor Info: Model `Gray' substituted by `gray' on input line 1370.
Package xcolor Info: Model `wave' substituted by `hsb' on input line 1371.
)
("C:\Users\15740240\AppData\Local\Programs\MiKTeX 2.9\tex\latex\colortbl\colort
bl.sty"
Package: colortbl 2012/02/13 v1.0a Color table columns (DPC)

("C:\Users\15740240\AppData\Local\Programs\MiKTeX 2.9\tex\latex\tools\array.sty
"
Package: array 2016/10/06 v2.4d Tabular extension package (FMi)
\col@sep=\dimen120
\extrarowheight=\dimen121
\NC@list=\toks27
\extratabsurround=\skip49
\backup@length=\skip50
)
\everycr=\toks28
\minrowclearance=\skip51
)
("C:\Users\15740240\AppData\Local\Programs\MiKTeX 2.9\tex\latex\chngcntr\chngcn
tr.sty"
Package: chngcntr 2009/09/02 v1.0a change counter resetting
)
("C:\Users\15740240\AppData\Local\Programs\MiKTeX 2.9\tex\latex\graphics\graphi
cx.sty"
Package: graphicx 2014/10/28 v1.0g Enhanced LaTeX Graphics (DPC,SPQR)

("C:\Users\15740240\AppData\Local\Programs\MiKTeX 2.9\tex\latex\graphics\graphi
cs.sty"
Package: graphics 2016/10/09 v1.0u Standard LaTeX Graphics (DPC,SPQR)

("C:\Users\15740240\AppData\Local\Programs\MiKTeX 2.9\tex\latex\graphics\trig.s
ty"
Package: trig 2016/01/03 v1.10 sin cos tan (DPC)
)
("C:\Users\15740240\AppData\Local\Programs\MiKTeX 2.9\tex\latex\graphics-cfg\gr
aphics.cfg"
File: graphics.cfg 2016/06/04 v1.11 sample graphics configuration
)
Package graphics Info: Driver file: pdftex.def on input line 99.
)
\Gin@req@height=\dimen122
\Gin@req@width=\dimen123
)
("C:\Users\15740240\AppData\Local\Programs\MiKTeX 2.9\tex\latex\epsf\epsf.sty"
This is `epsf.tex' v2.7.4 <14 February 2011>
\epsffilein=\read1
\epsfframemargin=\dimen124
\epsfframethickness=\dimen125
\epsfrsize=\dimen126
\epsftmp=\dimen127
\epsftsize=\dimen128
\epsfxsize=\dimen129
\epsfysize=\dimen130
\pspoints=\dimen131
)
("C:\Users\15740240\AppData\Local\Programs\MiKTeX 2.9\tex\latex\oberdiek\epstop
df.sty"
Package: epstopdf 2016/05/15 v2.6 Conversion with epstopdf on the fly (HO)

("C:\Users\15740240\AppData\Local\Programs\MiKTeX 2.9\tex\latex\oberdiek\epstop
df-base.sty"
Package: epstopdf-base 2016/05/15 v2.6 Base part for package epstopdf

("C:\Users\15740240\AppData\Local\Programs\MiKTeX 2.9\tex\latex\oberdiek\grfext
.sty"
Package: grfext 2016/05/16 v1.2 Manage graphics extensions (HO)

("C:\Users\15740240\AppData\Local\Programs\MiKTeX 2.9\tex\generic\oberdiek\kvde
finekeys.sty"
Package: kvdefinekeys 2016/05/16 v1.4 Define keys (HO)
))
("C:\Users\15740240\AppData\Local\Programs\MiKTeX 2.9\tex\latex\oberdiek\kvopti
ons.sty"
Package: kvoptions 2016/05/16 v3.12 Key value format for package options (HO)

("C:\Users\15740240\AppData\Local\Programs\MiKTeX 2.9\tex\generic\oberdiek\kvse
tkeys.sty"
Package: kvsetkeys 2016/05/16 v1.17 Key value parser (HO)

("C:\Users\15740240\AppData\Local\Programs\MiKTeX 2.9\tex\generic\oberdiek\etex
cmds.sty"
Package: etexcmds 2016/05/16 v1.6 Avoid name clashes with e-TeX commands (HO)

("C:\Users\15740240\AppData\Local\Programs\MiKTeX 2.9\tex\generic\oberdiek\iflu
atex.sty"
Package: ifluatex 2016/05/16 v1.4 Provides the ifluatex switch (HO)
Package ifluatex Info: LuaTeX not detected.
)
Package etexcmds Info: Could not find \expanded.
(etexcmds)             That can mean that you are not using pdfTeX 1.50 or
(etexcmds)             that some package has redefined \expanded.
(etexcmds)             In the latter case, load this package earlier.
)))
("C:\Users\15740240\AppData\Local\Programs\MiKTeX 2.9\tex\generic\oberdiek\pdft
excmds.sty"
Package: pdftexcmds 2016/05/21 v0.22 Utility functions of pdfTeX for LuaTeX (HO
)
Package pdftexcmds Info: LuaTeX not detected.
Package pdftexcmds Info: \pdf@primitive is available.
Package pdftexcmds Info: \pdf@ifprimitive is available.
Package pdftexcmds Info: \pdfdraftmode found.
)
Package epstopdf-base Info: Redefining graphics rule for `.eps' on input line 4
38.
Package grfext Info: Graphics extension search list:
(grfext)             [.png,.pdf,.jpg,.mps,.jpeg,.jbig2,.jb2,.PNG,.PDF,.JPG,.JPE
G,.JBIG2,.JB2,.eps]
(grfext)             \AppendGraphicsExtensions on input line 456.
))
("C:\Users\15740240\AppData\Local\Programs\MiKTeX 2.9\tex\latex\floatrow\floatr
ow.sty"
Package: floatrow 2008/08/02 v0.3b floatrow: float package extension

("C:\Users\15740240\AppData\Local\Programs\MiKTeX 2.9\tex\latex\caption\caption
3.sty"
Package: caption3 2016/05/22 v1.7-166 caption3 kernel (AR)
Package caption3 Info: TeX engine: e-TeX on input line 67.
\captionmargin=\dimen132
\captionmargin@=\dimen133
\captionwidth=\dimen134
\caption@tempdima=\dimen135
\caption@indent=\dimen136
\caption@parindent=\dimen137
\caption@hangindent=\dimen138
)
\c@float@type=\count104
\float@exts=\toks29
\float@box=\box28
\@floatcapt=\box29
Package floatrow Info: Modified float package code loaded on input line 455.
Package floatrow Info: Modified rotfloat package code loaded on input line 473.

\FR@everyfloat=\toks30
\flrow@foot=\insert199
\FB@wd=\dimen139
\FBo@wd=\dimen140
\FBc@wd=\dimen141
\FBo@ht=\skip52
\FBc@ht=\skip53
\FBf@ht=\skip54
\FBo@max=\skip55
\FBc@max=\skip56
\FBf@max=\skip57
\c@FBl@b=\count105
\floatbox@depth=\count106
\c@FRobj=\count107
\c@FRsobj=\count108
\Xhsize=\skip58
\sXhsize=\skip59
\Zhsize=\skip60
\sZhsize=\skip61
\flrow@rowbox=\box30
\FR@Zunitlength=\dimen142
\c@FBcnt=\count109
\FPOScnt=\count110
\LTleft=\skip62
\LTright=\skip63
\LTleft=\skip64
\LTright=\skip65
\flrow@types=\toks31
)
("C:\Users\15740240\AppData\Local\Programs\MiKTeX 2.9\tex\latex\caption\caption
.sty"
Package: caption 2016/02/21 v3.3-144 Customizing captions (AR)
\c@ContinuedFloat=\count111
Package caption Info: float package is loaded.
Package caption Info: floatrow package is loaded.
)
("C:\Users\15740240\AppData\Local\Programs\MiKTeX 2.9\tex\latex\wasysym\wasysym
.sty"
Package: wasysym 2003/10/30 v2.0 Wasy-2 symbol support package
\symwasy=\mathgroup6
LaTeX Font Info:    Overwriting symbol font `wasy' in version `bold'
(Font)                  U/wasy/m/n --> U/wasy/b/n on input line 90.
)
("C:\Users\15740240\AppData\Local\Programs\MiKTeX 2.9\tex\latex\stmaryrd\stmary
rd.sty"
Package: stmaryrd 1994/03/03 St Mary's Road symbol package
\symstmry=\mathgroup7
LaTeX Font Info:    Overwriting symbol font `stmry' in version `bold'
(Font)                  U/stmry/m/n --> U/stmry/b/n on input line 89.
)
("C:\Users\15740240\AppData\Local\Programs\MiKTeX 2.9\tex\latex\mathtools\emphe
q.sty"
Package: empheq 2014/07/16 v2.14 Emphasizing equations

("C:\Users\15740240\AppData\Local\Programs\MiKTeX 2.9\tex\latex\mathtools\mhset
up.sty"
Package: mhsetup 2010/01/21 v1.2a programming setup (MH)
)
("C:\Users\15740240\AppData\Local\Programs\MiKTeX 2.9\tex\latex\mathtools\matht
ools.sty"
Package: mathtools 2015/11/12 v1.18 mathematical typesetting tools

("C:\Users\15740240\AppData\Local\Programs\MiKTeX 2.9\tex\latex\tools\calc.sty"
Package: calc 2014/10/28 v4.3 Infix arithmetic (KKT,FJ)
\calc@Acount=\count112
\calc@Bcount=\count113
\calc@Adimen=\dimen143
\calc@Bdimen=\dimen144
\calc@Askip=\skip66
\calc@Bskip=\skip67
LaTeX Info: Redefining \setlength on input line 80.
LaTeX Info: Redefining \addtolength on input line 81.
\calc@Ccount=\count114
\calc@Cskip=\skip68
)
LaTeX Info: Thecontrolsequence`\('isalreadyrobust on input line 129.
LaTeX Info: Thecontrolsequence`\)'isalreadyrobust on input line 129.
LaTeX Info: Thecontrolsequence`\['isalreadyrobust on input line 129.
LaTeX Info: Thecontrolsequence`\]'isalreadyrobust on input line 129.
\g_MT_multlinerow_int=\count115
\l_MT_multwidth_dim=\dimen145
\origjot=\skip69
\l_MT_shortvdotswithinadjustabove_dim=\dimen146
\l_MT_shortvdotswithinadjustbelow_dim=\dimen147
\l_MT_above_intertext_sep=\dimen148
\l_MT_below_intertext_sep=\dimen149
\l_MT_above_shortintertext_sep=\dimen150
\l_MT_below_shortintertext_sep=\dimen151
)
\l_EQ_equationtype_int=\count116
\l_EQ_alignmentmode_int=\count117
\l_EQ_totalwidth_dim=\dimen152
\l_EQ_displaywidth_dim=\dimen153
\l_EQ_temp_linewidth_dim=\dimen154
\EmphEqdelimitershortfall=\dimen155
\EmphEqdelimiterfactor=\count118
\g_EQ_toptag_height_dim=\dimen156
\g_EQ_bottomtag_depth_dim=\dimen157
\g_EQ_toprow_height_dim=\dimen158
\g_EQ_bottomrow_depth_dim=\dimen159
\g_EQ_widesttag_dim=\dimen160
\EQ_mathdisplay_box=\box31
\EQ_tag_box=\box32
\g_EQ_temprow_int=\count119
)
("C:\Users\15740240\AppData\Local\Programs\MiKTeX 2.9\tex\latex\fancybox\fancyb
ox.sty"
Package: fancybox 2010/05/15 1.4

Style option: `fancybox' v1.4 <2010/05/15> (tvz)
\@fancybox=\box33
\shadowsize=\dimen161
\@Sbox=\box34
\do@VerbBox=\toks32
\the@fancyput=\toks33
\this@fancyput=\toks34
\EndVerbatimTokens=\toks35
\Verbatim@Outfile=\write3
\Verbatim@Infile=\read2
)
("C:\Users\15740240\AppData\Local\Programs\MiKTeX 2.9\tex\latex\tools\enumerate
.sty"
Package: enumerate 2015/07/23 v3.00 enumerate extensions (DPC)
\@enLab=\toks36
)
("C:\Users\15740240\AppData\Local\Programs\MiKTeX 2.9\tex\latex\tools\multicol.
sty"
Package: multicol 2016/04/07 v1.8p multicolumn formatting (FMi)
\c@tracingmulticols=\count120
\mult@box=\box35
\multicol@leftmargin=\dimen162
\c@unbalance=\count121
\c@collectmore=\count122
\doublecol@number=\count123
\multicoltolerance=\count124
\multicolpretolerance=\count125
\full@width=\dimen163
\page@free=\dimen164
\premulticols=\dimen165
\postmulticols=\dimen166
\multicolsep=\skip70
\multicolbaselineskip=\skip71
\partial@page=\box36
\last@line=\box37
\maxbalancingoverflow=\dimen167
\mult@rightbox=\box38
\mult@grightbox=\box39
\mult@gfirstbox=\box40
\mult@firstbox=\box41
\@tempa=\box42
\@tempa=\box43
\@tempa=\box44
\@tempa=\box45
\@tempa=\box46
\@tempa=\box47
\@tempa=\box48
\@tempa=\box49
\@tempa=\box50
\@tempa=\box51
\@tempa=\box52
\@tempa=\box53
\@tempa=\box54
\@tempa=\box55
\@tempa=\box56
\@tempa=\box57
\@tempa=\box58
\c@columnbadness=\count126
\c@finalcolumnbadness=\count127
\last@try=\dimen168
\multicolovershoot=\dimen169
\multicolundershoot=\dimen170
\mult@nat@firstbox=\box59
\colbreak@box=\box60
\mc@col@check@num=\count128
)
("C:\Users\15740240\AppData\Local\Programs\MiKTeX 2.9\tex\latex\multirow\multir
ow.sty"
Package: multirow 2016/11/25 v2.2 Span multiple rows of a table
\multirow@colwidth=\skip72
\multirow@cntb=\count129
\multirow@dima=\skip73
\bigstrutjot=\dimen171
)
("C:\Users\15740240\AppData\Local\Programs\MiKTeX 2.9\tex\latex\fancyhdr\fancyh
dr.sty"
Package: fancyhdr 2016/09/06 3.8 Extensive control of page headers and footers
\fancy@headwidth=\skip74
\f@ncyO@elh=\skip75
\f@ncyO@erh=\skip76
\f@ncyO@olh=\skip77
\f@ncyO@orh=\skip78
\f@ncyO@elf=\skip79
\f@ncyO@erf=\skip80
\f@ncyO@olf=\skip81
\f@ncyO@orf=\skip82
)
("C:\Users\15740240\AppData\Local\Programs\MiKTeX 2.9\tex\latex\hyperref\hyperr
ef.sty"
Package: hyperref 2016/06/24 v6.83q Hypertext links for LaTeX

("C:\Users\15740240\AppData\Local\Programs\MiKTeX 2.9\tex\generic\oberdiek\hobs
ub-hyperref.sty"
Package: hobsub-hyperref 2016/05/16 v1.14 Bundle oberdiek, subset hyperref (HO)


("C:\Users\15740240\AppData\Local\Programs\MiKTeX 2.9\tex\generic\oberdiek\hobs
ub-generic.sty"
Package: hobsub-generic 2016/05/16 v1.14 Bundle oberdiek, subset generic (HO)
Package: hobsub 2016/05/16 v1.14 Construct package bundles (HO)
Package hobsub Info: Skipping package `infwarerr' (already loaded).
Package hobsub Info: Skipping package `ltxcmds' (already loaded).
Package hobsub Info: Skipping package `ifluatex' (already loaded).
Package hobsub Info: Skipping package `ifvtex' (already loaded).
Package: intcalc 2016/05/16 v1.2 Expandable calculations with integers (HO)
Package hobsub Info: Skipping package `ifpdf' (already loaded).
Package hobsub Info: Skipping package `etexcmds' (already loaded).
Package hobsub Info: Skipping package `kvsetkeys' (already loaded).
Package hobsub Info: Skipping package `kvdefinekeys' (already loaded).
Package hobsub Info: Skipping package `pdftexcmds' (already loaded).
Package: pdfescape 2016/05/16 v1.14 Implements pdfTeX's escape features (HO)
Package: bigintcalc 2016/05/16 v1.4 Expandable calculations on big integers (HO
)
Package: bitset 2016/05/16 v1.2 Handle bit-vector datatype (HO)
Package: uniquecounter 2016/05/16 v1.3 Provide unlimited unique counter (HO)
)
Package hobsub Info: Skipping package `hobsub' (already loaded).
Package: letltxmacro 2016/05/16 v1.5 Let assignment for LaTeX macros (HO)
Package: hopatch 2016/05/16 v1.3 Wrapper for package hooks (HO)
Package: xcolor-patch 2016/05/16 xcolor patch
Package: atveryend 2016/05/16 v1.9 Hooks at the very end of document (HO)
Package atveryend Info: \enddocument detected (standard20110627).
Package: atbegshi 2016/06/09 v1.18 At begin shipout hook (HO)
Package: refcount 2016/05/16 v3.5 Data extraction from label references (HO)
Package: hycolor 2016/05/16 v1.8 Color options for hyperref/bookmark (HO)
)
("C:\Users\15740240\AppData\Local\Programs\MiKTeX 2.9\tex\latex\oberdiek\auxhoo
k.sty"
Package: auxhook 2016/05/16 v1.4 Hooks for auxiliary files (HO)
)
\@linkdim=\dimen172
\Hy@linkcounter=\count130
\Hy@pagecounter=\count131

("C:\Users\15740240\AppData\Local\Programs\MiKTeX 2.9\tex\latex\hyperref\pd1enc
.def"
File: pd1enc.def 2016/06/24 v6.83q Hyperref: PDFDocEncoding definition (HO)
)
\Hy@SavedSpaceFactor=\count132

("C:\Users\15740240\AppData\Local\Programs\MiKTeX 2.9\tex\latex\00miktex\hyperr
ef.cfg"
File: hyperref.cfg 2002/06/06 v1.2 hyperref configuration of TeXLive
)
Package hyperref Info: Hyper figures OFF on input line 4486.
Package hyperref Info: Link nesting OFF on input line 4491.
Package hyperref Info: Hyper index ON on input line 4494.
Package hyperref Info: Plain pages OFF on input line 4501.
Package hyperref Info: Backreferencing OFF on input line 4506.
Package hyperref Info: Implicit mode ON; LaTeX internals redefined.
Package hyperref Info: Bookmarks ON on input line 4735.
\c@Hy@tempcnt=\count133

("C:\Users\15740240\AppData\Local\Programs\MiKTeX 2.9\tex\latex\url\url.sty"
\Urlmuskip=\muskip11
Package: url 2013/09/16  ver 3.4  Verb mode for urls, etc.
)
LaTeX Info: Redefining \url on input line 5088.
\XeTeXLinkMargin=\dimen173
\Fld@menulength=\count134
\Field@Width=\dimen174
\Fld@charsize=\dimen175
Package hyperref Info: Hyper figures OFF on input line 6342.
Package hyperref Info: Link nesting OFF on input line 6347.
Package hyperref Info: Hyper index ON on input line 6350.
Package hyperref Info: backreferencing OFF on input line 6357.
Package hyperref Info: Link coloring OFF on input line 6362.
Package hyperref Info: Link coloring with OCG OFF on input line 6367.
Package hyperref Info: PDF/A mode OFF on input line 6372.
LaTeX Info: Redefining \ref on input line 6412.
LaTeX Info: Redefining \pageref on input line 6416.
\Hy@abspage=\count135
\c@Item=\count136
\c@Hfootnote=\count137
)

Package hyperref Message: Driver (autodetected): hpdftex.


("C:\Users\15740240\AppData\Local\Programs\MiKTeX 2.9\tex\latex\hyperref\hpdfte
x.def"
File: hpdftex.def 2016/06/24 v6.83q Hyperref driver for pdfTeX
\Fld@listcount=\count138
\c@bookmark@seq@number=\count139

("C:\Users\15740240\AppData\Local\Programs\MiKTeX 2.9\tex\latex\oberdiek\rerunf
ilecheck.sty"
Package: rerunfilecheck 2016/05/16 v1.8 Rerun checks for auxiliary files (HO)
Package uniquecounter Info: New unique counter `rerunfilecheck' on input line 2
82.
)
\Hy@SectionHShift=\skip83
)
Package hyperref Info: Option `colorlinks' set `true' on input line 55.

("C:\Users\15740240\AppData\Local\Programs\MiKTeX 2.9\tex\latex\pgf\frontendlay
er\tikz.sty"
("C:\Users\15740240\AppData\Local\Programs\MiKTeX 2.9\tex\latex\pgf\basiclayer\
pgf.sty"
("C:\Users\15740240\AppData\Local\Programs\MiKTeX 2.9\tex\latex\pgf\utilities\p
gfrcs.sty"
("C:\Users\15740240\AppData\Local\Programs\MiKTeX 2.9\tex\generic\pgf\utilities
\pgfutil-common.tex"
\pgfutil@everybye=\toks37
\pgfutil@tempdima=\dimen176
\pgfutil@tempdimb=\dimen177

("C:\Users\15740240\AppData\Local\Programs\MiKTeX 2.9\tex\generic\pgf\utilities
\pgfutil-common-lists.tex"))
("C:\Users\15740240\AppData\Local\Programs\MiKTeX 2.9\tex\generic\pgf\utilities
\pgfutil-latex.def"
\pgfutil@abb=\box61

("C:\Users\15740240\AppData\Local\Programs\MiKTeX 2.9\tex\latex\ms\everyshi.sty
"
Package: everyshi 2001/05/15 v3.00 EveryShipout Package (MS)
))
("C:\Users\15740240\AppData\Local\Programs\MiKTeX 2.9\tex\generic\pgf\utilities
\pgfrcs.code.tex"
Package: pgfrcs 2015/08/07 v3.0.1a (rcs-revision 1.31)
))
Package: pgf 2015/08/07 v3.0.1a (rcs-revision 1.15)

("C:\Users\15740240\AppData\Local\Programs\MiKTeX 2.9\tex\latex\pgf\basiclayer\
pgfcore.sty"
("C:\Users\15740240\AppData\Local\Programs\MiKTeX 2.9\tex\latex\pgf\systemlayer
\pgfsys.sty"
("C:\Users\15740240\AppData\Local\Programs\MiKTeX 2.9\tex\generic\pgf\systemlay
er\pgfsys.code.tex"
Package: pgfsys 2014/07/09 v3.0.1a (rcs-revision 1.48)

("C:\Users\15740240\AppData\Local\Programs\MiKTeX 2.9\tex\generic\pgf\utilities
\pgfkeys.code.tex"
\pgfkeys@pathtoks=\toks38
\pgfkeys@temptoks=\toks39

("C:\Users\15740240\AppData\Local\Programs\MiKTeX 2.9\tex\generic\pgf\utilities
\pgfkeysfiltered.code.tex"
\pgfkeys@tmptoks=\toks40
))
\pgf@x=\dimen178
\pgf@y=\dimen179
\pgf@xa=\dimen180
\pgf@ya=\dimen181
\pgf@xb=\dimen182
\pgf@yb=\dimen183
\pgf@xc=\dimen184
\pgf@yc=\dimen185
\w@pgf@writea=\write4
\r@pgf@reada=\read3
\c@pgf@counta=\count140
\c@pgf@countb=\count141
\c@pgf@countc=\count142
\c@pgf@countd=\count143
\t@pgf@toka=\toks41
\t@pgf@tokb=\toks42
\t@pgf@tokc=\toks43

("C:\Users\15740240\AppData\Local\Programs\MiKTeX 2.9\tex\generic\pgf\systemlay
er\pgf.cfg"
File: pgf.cfg 2008/05/14  (rcs-revision 1.7)
)
Driver file for pgf: pgfsys-pdftex.def

("C:\Users\15740240\AppData\Local\Programs\MiKTeX 2.9\tex\generic\pgf\systemlay
er\pgfsys-pdftex.def"
File: pgfsys-pdftex.def 2014/10/11  (rcs-revision 1.35)

("C:\Users\15740240\AppData\Local\Programs\MiKTeX 2.9\tex\generic\pgf\systemlay
er\pgfsys-common-pdf.def"
File: pgfsys-common-pdf.def 2013/10/10  (rcs-revision 1.13)
)))
("C:\Users\15740240\AppData\Local\Programs\MiKTeX 2.9\tex\generic\pgf\systemlay
er\pgfsyssoftpath.code.tex"
File: pgfsyssoftpath.code.tex 2013/09/09  (rcs-revision 1.9)
\pgfsyssoftpath@smallbuffer@items=\count144
\pgfsyssoftpath@bigbuffer@items=\count145
)
("C:\Users\15740240\AppData\Local\Programs\MiKTeX 2.9\tex\generic\pgf\systemlay
er\pgfsysprotocol.code.tex"
File: pgfsysprotocol.code.tex 2006/10/16  (rcs-revision 1.4)
))
("C:\Users\15740240\AppData\Local\Programs\MiKTeX 2.9\tex\generic\pgf\basiclaye
r\pgfcore.code.tex"
Package: pgfcore 2010/04/11 v3.0.1a (rcs-revision 1.7)

("C:\Users\15740240\AppData\Local\Programs\MiKTeX 2.9\tex\generic\pgf\math\pgfm
ath.code.tex"
("C:\Users\15740240\AppData\Local\Programs\MiKTeX 2.9\tex\generic\pgf\math\pgfm
athcalc.code.tex"
("C:\Users\15740240\AppData\Local\Programs\MiKTeX 2.9\tex\generic\pgf\math\pgfm
athutil.code.tex")
("C:\Users\15740240\AppData\Local\Programs\MiKTeX 2.9\tex\generic\pgf\math\pgfm
athparser.code.tex"
\pgfmath@dimen=\dimen186
\pgfmath@count=\count146
\pgfmath@box=\box62
\pgfmath@toks=\toks44
\pgfmath@stack@operand=\toks45
\pgfmath@stack@operation=\toks46
)
("C:\Users\15740240\AppData\Local\Programs\MiKTeX 2.9\tex\generic\pgf\math\pgfm
athfunctions.code.tex"
("C:\Users\15740240\AppData\Local\Programs\MiKTeX 2.9\tex\generic\pgf\math\pgfm
athfunctions.basic.code.tex")
("C:\Users\15740240\AppData\Local\Programs\MiKTeX 2.9\tex\generic\pgf\math\pgfm
athfunctions.trigonometric.code.tex")
("C:\Users\15740240\AppData\Local\Programs\MiKTeX 2.9\tex\generic\pgf\math\pgfm
athfunctions.random.code.tex")
("C:\Users\15740240\AppData\Local\Programs\MiKTeX 2.9\tex\generic\pgf\math\pgfm
athfunctions.comparison.code.tex")
("C:\Users\15740240\AppData\Local\Programs\MiKTeX 2.9\tex\generic\pgf\math\pgfm
athfunctions.base.code.tex")
("C:\Users\15740240\AppData\Local\Programs\MiKTeX 2.9\tex\generic\pgf\math\pgfm
athfunctions.round.code.tex")
("C:\Users\15740240\AppData\Local\Programs\MiKTeX 2.9\tex\generic\pgf\math\pgfm
athfunctions.misc.code.tex")
("C:\Users\15740240\AppData\Local\Programs\MiKTeX 2.9\tex\generic\pgf\math\pgfm
athfunctions.integerarithmetics.code.tex")))
("C:\Users\15740240\AppData\Local\Programs\MiKTeX 2.9\tex\generic\pgf\math\pgfm
athfloat.code.tex"
\c@pgfmathroundto@lastzeros=\count147
))
("C:\Users\15740240\AppData\Local\Programs\MiKTeX 2.9\tex\generic\pgf\basiclaye
r\pgfcorepoints.code.tex"
File: pgfcorepoints.code.tex 2013/10/07  (rcs-revision 1.27)
\pgf@picminx=\dimen187
\pgf@picmaxx=\dimen188
\pgf@picminy=\dimen189
\pgf@picmaxy=\dimen190
\pgf@pathminx=\dimen191
\pgf@pathmaxx=\dimen192
\pgf@pathminy=\dimen193
\pgf@pathmaxy=\dimen194
\pgf@xx=\dimen195
\pgf@xy=\dimen196
\pgf@yx=\dimen197
\pgf@yy=\dimen198
\pgf@zx=\dimen256
\pgf@zy=\dimen257
)
("C:\Users\15740240\AppData\Local\Programs\MiKTeX 2.9\tex\generic\pgf\basiclaye
r\pgfcorepathconstruct.code.tex"
File: pgfcorepathconstruct.code.tex 2013/10/07  (rcs-revision 1.29)
\pgf@path@lastx=\dimen258
\pgf@path@lasty=\dimen259
)
("C:\Users\15740240\AppData\Local\Programs\MiKTeX 2.9\tex\generic\pgf\basiclaye
r\pgfcorepathusage.code.tex"
File: pgfcorepathusage.code.tex 2014/11/02  (rcs-revision 1.24)
\pgf@shorten@end@additional=\dimen260
\pgf@shorten@start@additional=\dimen261
)
("C:\Users\15740240\AppData\Local\Programs\MiKTeX 2.9\tex\generic\pgf\basiclaye
r\pgfcorescopes.code.tex"
File: pgfcorescopes.code.tex 2015/05/08  (rcs-revision 1.46)
\pgfpic=\box63
\pgf@hbox=\box64
\pgf@layerbox@main=\box65
\pgf@picture@serial@count=\count148
)
("C:\Users\15740240\AppData\Local\Programs\MiKTeX 2.9\tex\generic\pgf\basiclaye
r\pgfcoregraphicstate.code.tex"
File: pgfcoregraphicstate.code.tex 2014/11/02  (rcs-revision 1.12)
\pgflinewidth=\dimen262
)
("C:\Users\15740240\AppData\Local\Programs\MiKTeX 2.9\tex\generic\pgf\basiclaye
r\pgfcoretransformations.code.tex"
File: pgfcoretransformations.code.tex 2015/08/07  (rcs-revision 1.20)
\pgf@pt@x=\dimen263
\pgf@pt@y=\dimen264
\pgf@pt@temp=\dimen265
)
("C:\Users\15740240\AppData\Local\Programs\MiKTeX 2.9\tex\generic\pgf\basiclaye
r\pgfcorequick.code.tex"
File: pgfcorequick.code.tex 2008/10/09  (rcs-revision 1.3)
)
("C:\Users\15740240\AppData\Local\Programs\MiKTeX 2.9\tex\generic\pgf\basiclaye
r\pgfcoreobjects.code.tex"
File: pgfcoreobjects.code.tex 2006/10/11  (rcs-revision 1.2)
)
("C:\Users\15740240\AppData\Local\Programs\MiKTeX 2.9\tex\generic\pgf\basiclaye
r\pgfcorepathprocessing.code.tex"
File: pgfcorepathprocessing.code.tex 2013/09/09  (rcs-revision 1.9)
)
("C:\Users\15740240\AppData\Local\Programs\MiKTeX 2.9\tex\generic\pgf\basiclaye
r\pgfcorearrows.code.tex"
File: pgfcorearrows.code.tex 2015/05/14  (rcs-revision 1.43)
\pgfarrowsep=\dimen266
)
("C:\Users\15740240\AppData\Local\Programs\MiKTeX 2.9\tex\generic\pgf\basiclaye
r\pgfcoreshade.code.tex"
File: pgfcoreshade.code.tex 2013/07/15  (rcs-revision 1.15)
\pgf@max=\dimen267
\pgf@sys@shading@range@num=\count149
)
("C:\Users\15740240\AppData\Local\Programs\MiKTeX 2.9\tex\generic\pgf\basiclaye
r\pgfcoreimage.code.tex"
File: pgfcoreimage.code.tex 2013/07/15  (rcs-revision 1.18)

("C:\Users\15740240\AppData\Local\Programs\MiKTeX 2.9\tex\generic\pgf\basiclaye
r\pgfcoreexternal.code.tex"
File: pgfcoreexternal.code.tex 2014/07/09  (rcs-revision 1.21)
\pgfexternal@startupbox=\box66
))
("C:\Users\15740240\AppData\Local\Programs\MiKTeX 2.9\tex\generic\pgf\basiclaye
r\pgfcorelayers.code.tex"
File: pgfcorelayers.code.tex 2013/07/18  (rcs-revision 1.7)
)
("C:\Users\15740240\AppData\Local\Programs\MiKTeX 2.9\tex\generic\pgf\basiclaye
r\pgfcoretransparency.code.tex"
File: pgfcoretransparency.code.tex 2013/09/30  (rcs-revision 1.5)
)
("C:\Users\15740240\AppData\Local\Programs\MiKTeX 2.9\tex\generic\pgf\basiclaye
r\pgfcorepatterns.code.tex"
File: pgfcorepatterns.code.tex 2013/11/07  (rcs-revision 1.5)
)))
("C:\Users\15740240\AppData\Local\Programs\MiKTeX 2.9\tex\generic\pgf\modules\p
gfmoduleshapes.code.tex"
File: pgfmoduleshapes.code.tex 2014/03/21  (rcs-revision 1.35)
\pgfnodeparttextbox=\box67
)
("C:\Users\15740240\AppData\Local\Programs\MiKTeX 2.9\tex\generic\pgf\modules\p
gfmoduleplot.code.tex"
File: pgfmoduleplot.code.tex 2015/08/03  (rcs-revision 1.13)
)
("C:\Users\15740240\AppData\Local\Programs\MiKTeX 2.9\tex\latex\pgf\compatibili
ty\pgfcomp-version-0-65.sty"
Package: pgfcomp-version-0-65 2007/07/03 v3.0.1a (rcs-revision 1.7)
\pgf@nodesepstart=\dimen268
\pgf@nodesepend=\dimen269
)
("C:\Users\15740240\AppData\Local\Programs\MiKTeX 2.9\tex\latex\pgf\compatibili
ty\pgfcomp-version-1-18.sty"
Package: pgfcomp-version-1-18 2007/07/23 v3.0.1a (rcs-revision 1.1)
))
("C:\Users\15740240\AppData\Local\Programs\MiKTeX 2.9\tex\latex\pgf\utilities\p
gffor.sty"
("C:\Users\15740240\AppData\Local\Programs\MiKTeX 2.9\tex\latex\pgf\utilities\p
gfkeys.sty"
("C:\Users\15740240\AppData\Local\Programs\MiKTeX 2.9\tex\generic\pgf\utilities
\pgfkeys.code.tex"))
("C:\Users\15740240\AppData\Local\Programs\MiKTeX 2.9\tex\latex\pgf\math\pgfmat
h.sty"
("C:\Users\15740240\AppData\Local\Programs\MiKTeX 2.9\tex\generic\pgf\math\pgfm
ath.code.tex"))
("C:\Users\15740240\AppData\Local\Programs\MiKTeX 2.9\tex\generic\pgf\utilities
\pgffor.code.tex"
Package: pgffor 2013/12/13 v3.0.1a (rcs-revision 1.25)

("C:\Users\15740240\AppData\Local\Programs\MiKTeX 2.9\tex\generic\pgf\math\pgfm
ath.code.tex")
\pgffor@iter=\dimen270
\pgffor@skip=\dimen271
\pgffor@stack=\toks47
\pgffor@toks=\toks48
))
("C:\Users\15740240\AppData\Local\Programs\MiKTeX 2.9\tex\generic\pgf\frontendl
ayer\tikz\tikz.code.tex"
Package: tikz 2015/08/07 v3.0.1a (rcs-revision 1.151)

("C:\Users\15740240\AppData\Local\Programs\MiKTeX 2.9\tex\generic\pgf\libraries
\pgflibraryplothandlers.code.tex"
File: pgflibraryplothandlers.code.tex 2013/08/31 v3.0.1a (rcs-revision 1.20)
\pgf@plot@mark@count=\count150
\pgfplotmarksize=\dimen272
)
\tikz@lastx=\dimen273
\tikz@lasty=\dimen274
\tikz@lastxsaved=\dimen275
\tikz@lastysaved=\dimen276
\tikzleveldistance=\dimen277
\tikzsiblingdistance=\dimen278
\tikz@figbox=\box68
\tikz@figbox@bg=\box69
\tikz@tempbox=\box70
\tikz@tempbox@bg=\box71
\tikztreelevel=\count151
\tikznumberofchildren=\count152
\tikznumberofcurrentchild=\count153
\tikz@fig@count=\count154

("C:\Users\15740240\AppData\Local\Programs\MiKTeX 2.9\tex\generic\pgf\modules\p
gfmodulematrix.code.tex"
File: pgfmodulematrix.code.tex 2013/09/17  (rcs-revision 1.8)
\pgfmatrixcurrentrow=\count155
\pgfmatrixcurrentcolumn=\count156
\pgf@matrix@numberofcolumns=\count157
)
\tikz@expandcount=\count158

("C:\Users\15740240\AppData\Local\Programs\MiKTeX 2.9\tex\generic\pgf\frontendl
ayer\tikz\libraries\tikzlibrarytopaths.code.tex"
File: tikzlibrarytopaths.code.tex 2008/06/17 v3.0.1a (rcs-revision 1.2)
)))
("C:\Users\15740240\AppData\Local\Programs\MiKTeX 2.9\tex\latex\pgfplots\pgfplo
ts.sty"
("C:\Users\15740240\AppData\Local\Programs\MiKTeX 2.9\tex\generic\pgfplots\pgfp
lots.revision.tex")
Package: pgfplots 2016/08/10 v1.14 Data Visualization (1.14)

("C:\Users\15740240\AppData\Local\Programs\MiKTeX 2.9\tex\generic\pgfplots\pgfp
lots.code.tex"
("C:\Users\15740240\AppData\Local\Programs\MiKTeX 2.9\tex\generic\pgfplots\pgfp
lotscore.code.tex"
\t@pgfplots@toka=\toks49
\t@pgfplots@tokb=\toks50
\t@pgfplots@tokc=\toks51
\pgfplots@tmpa=\dimen279
\c@pgfplots@coordindex=\count159
\c@pgfplots@scanlineindex=\count160

("C:\Users\15740240\AppData\Local\Programs\MiKTeX 2.9\tex\generic\pgfplots\sys\
pgfplotssysgeneric.code.tex"))
("C:\Users\15740240\AppData\Local\Programs\MiKTeX 2.9\tex\generic\pgfplots\libs
\pgfplotslibrary.code.tex")
("C:\Users\15740240\AppData\Local\Programs\MiKTeX 2.9\tex\generic\pgfplots\oldp
gfcompatib\pgfplotsoldpgfsupp_loader.code.tex"
("C:\Users\15740240\AppData\Local\Programs\MiKTeX 2.9\tex\generic\pgf\libraries
\pgflibraryfpu.code.tex")
Package pgfplots: loading complementary arithmetics for your pgf version...

("C:\Users\15740240\AppData\Local\Programs\MiKTeX 2.9\tex\generic\pgfplots\oldp
gfcompatib\pgfplotsoldpgfsupp_pgflibraryfpu.code.tex")
("C:\Users\15740240\AppData\Local\Programs\MiKTeX 2.9\tex\generic\pgfplots\oldp
gfcompatib\pgfplotsoldpgfsupp_pgfmathfloat.code.tex"
\c@pgfmathroundto@lastzeros=\count161
))
("C:\Users\15740240\AppData\Local\Programs\MiKTeX 2.9\tex\generic\pgfplots\util
\pgfplotsutil.code.tex"
("C:\Users\15740240\AppData\Local\Programs\MiKTeX 2.9\tex\generic\pgfplots\list
structure\pgfplotsliststructure.code.tex")
("C:\Users\15740240\AppData\Local\Programs\MiKTeX 2.9\tex\generic\pgfplots\list
structure\pgfplotsliststructureext.code.tex")
("C:\Users\15740240\AppData\Local\Programs\MiKTeX 2.9\tex\generic\pgfplots\list
structure\pgfplotsarray.code.tex"
\c@pgfplotsarray@tmp=\count162
)
("C:\Users\15740240\AppData\Local\Programs\MiKTeX 2.9\tex\generic\pgfplots\list
structure\pgfplotsmatrix.code.tex")
("C:\Users\15740240\AppData\Local\Programs\MiKTeX 2.9\tex\generic\pgfplots\numt
able\pgfplotstableshared.code.tex"
\c@pgfplotstable@counta=\count163
\t@pgfplotstable@a=\toks52
)
("C:\Users\15740240\AppData\Local\Programs\MiKTeX 2.9\tex\generic\pgfplots\list
structure\pgfplotsdeque.code.tex")
("C:\Users\15740240\AppData\Local\Programs\MiKTeX 2.9\tex\generic\pgfplots\util
\pgfplotsbinary.code.tex"
("C:\Users\15740240\AppData\Local\Programs\MiKTeX 2.9\tex\generic\pgfplots\util
\pgfplotsbinary.data.code.tex"))
("C:\Users\15740240\AppData\Local\Programs\MiKTeX 2.9\tex\generic\pgfplots\util
\pgfplotsutil.verb.code.tex")
("C:\Users\15740240\AppData\Local\Programs\MiKTeX 2.9\tex\generic\pgfplots\libs
\pgflibrarypgfplots.surfshading.code.tex"
\c@pgfplotslibrarysurf@no=\count164

("C:\Users\15740240\AppData\Local\Programs\MiKTeX 2.9\tex\generic\pgfplots\sys\
pgflibrarypgfplots.surfshading.pgfsys-pdftex.def")))
("C:\Users\15740240\AppData\Local\Programs\MiKTeX 2.9\tex\generic\pgfplots\util
\pgfplotscolormap.code.tex"
("C:\Users\15740240\AppData\Local\Programs\MiKTeX 2.9\tex\generic\pgfplots\util
\pgfplotscolor.code.tex"))
("C:\Users\15740240\AppData\Local\Programs\MiKTeX 2.9\tex\generic\pgfplots\pgfp
lotsstackedplots.code.tex")
("C:\Users\15740240\AppData\Local\Programs\MiKTeX 2.9\tex\generic\pgfplots\pgfp
lotsplothandlers.code.tex"
("C:\Users\15740240\AppData\Local\Programs\MiKTeX 2.9\tex\generic\pgfplots\pgfp
lotsmeshplothandler.code.tex"
("C:\Users\15740240\AppData\Local\Programs\MiKTeX 2.9\tex\generic\pgfplots\pgfp
lotsmeshplotimage.code.tex")))
("C:\Users\15740240\AppData\Local\Programs\MiKTeX 2.9\tex\generic\pgfplots\pgfp
lots.scaling.code.tex")
("C:\Users\15740240\AppData\Local\Programs\MiKTeX 2.9\tex\generic\pgfplots\pgfp
lotscoordprocessing.code.tex")
("C:\Users\15740240\AppData\Local\Programs\MiKTeX 2.9\tex\generic\pgfplots\pgfp
lots.errorbars.code.tex")
("C:\Users\15740240\AppData\Local\Programs\MiKTeX 2.9\tex\generic\pgfplots\pgfp
lots.markers.code.tex")
("C:\Users\15740240\AppData\Local\Programs\MiKTeX 2.9\tex\generic\pgfplots\pgfp
lotsticks.code.tex")
("C:\Users\15740240\AppData\Local\Programs\MiKTeX 2.9\tex\generic\pgfplots\pgfp
lots.paths.code.tex")
("C:\Users\15740240\AppData\Local\Programs\MiKTeX 2.9\tex\generic\pgf\frontendl
ayer\tikz\libraries\tikzlibrarydecorations.code.tex"
("C:\Users\15740240\AppData\Local\Programs\MiKTeX 2.9\tex\generic\pgf\modules\p
gfmoduledecorations.code.tex"
\pgfdecoratedcompleteddistance=\dimen280
\pgfdecoratedremainingdistance=\dimen281
\pgfdecoratedinputsegmentcompleteddistance=\dimen282
\pgfdecoratedinputsegmentremainingdistance=\dimen283
\pgf@decorate@distancetomove=\dimen284
\pgf@decorate@repeatstate=\count165
\pgfdecorationsegmentamplitude=\dimen285
\pgfdecorationsegmentlength=\dimen286
)
\tikz@lib@dec@box=\box72
)
("C:\Users\15740240\AppData\Local\Programs\MiKTeX 2.9\tex\generic\pgf\frontendl
ayer\tikz\libraries\tikzlibrarydecorations.pathmorphing.code.tex"
("C:\Users\15740240\AppData\Local\Programs\MiKTeX 2.9\tex\generic\pgf\libraries
\decorations\pgflibrarydecorations.pathmorphing.code.tex"))
("C:\Users\15740240\AppData\Local\Programs\MiKTeX 2.9\tex\generic\pgf\frontendl
ayer\tikz\libraries\tikzlibrarydecorations.pathreplacing.code.tex"
("C:\Users\15740240\AppData\Local\Programs\MiKTeX 2.9\tex\generic\pgf\libraries
\decorations\pgflibrarydecorations.pathreplacing.code.tex"))
\pgfplots@numplots=\count166
\pgfplots@xmin@reg=\dimen287
\pgfplots@xmax@reg=\dimen288
\pgfplots@ymin@reg=\dimen289
\pgfplots@ymax@reg=\dimen290
\pgfplots@zmin@reg=\dimen291
\pgfplots@zmax@reg=\dimen292
)
("C:\Users\15740240\AppData\Local\Programs\MiKTeX 2.9\tex\generic\pgf\frontendl
ayer\tikz\libraries\tikzlibraryplotmarks.code.tex"
File: tikzlibraryplotmarks.code.tex 2008/01/09 v3.0.1a (rcs-revision 1.1)

("C:\Users\15740240\AppData\Local\Programs\MiKTeX 2.9\tex\generic\pgf\libraries
\pgflibraryplotmarks.code.tex"
File: pgflibraryplotmarks.code.tex 2015/08/03 v3.0.1a (rcs-revision 1.14)
)))
("C:\Users\15740240\AppData\Local\Programs\MiKTeX 2.9\tex\generic\pgf\frontendl
ayer\tikz\libraries\tikzlibraryarrows.code.tex"
File: tikzlibraryarrows.code.tex 2008/01/09 v3.0.1a (rcs-revision 1.1)

("C:\Users\15740240\AppData\Local\Programs\MiKTeX 2.9\tex\generic\pgf\libraries
\pgflibraryarrows.code.tex"
File: pgflibraryarrows.code.tex 2013/09/23 v3.0.1a (rcs-revision 1.16)
\arrowsize=\dimen293
))
\c@theorem=\count167
\c@proposition=\count168
\c@exercise=\count169
\c@exercisea=\count170
\c@example=\count171
\c@definition=\count172
\ibsep=\dimen294
 (PMnotes.aux (chapters/Lecture1.aux)
(chapters/Lecture2.aux) (chapters/Lecture3.aux) (chapters/Lecture4.aux)
(chapters/Lecture5.aux

LaTeX Warning: Label `consequence1' multiply defined.


LaTeX Warning: Label `mutually disjoint' multiply defined.


LaTeX Warning: Label `addition law' multiply defined.

) (chapters/Lecture6.aux) (chapters/Lecture7.aux

LaTeX Warning: Label `rational' multiply defined.

) (chapters/Lecture8.aux) (chapters/Lecture9.aux) (chapters/Lecture10.aux)
(chapters/Lecture11.aux) (chapters/Lecture12.aux) (chapters/Lecture13.aux)
(chapters/Lecture14.aux) (chapters/Lecture15.aux) (chapters/Lecture16.aux)
(chapters/Lecture17.aux) (chapters/Lecture18.aux) (chapters/Lecture19.aux)
(chapters/Lecture20.aux) (chapters/Lecture21.aux) (chapters/Lecture22.aux)
(chapters/Lecture23.aux) (chapters/Lecture24.aux) (chapters/Lecture25.aux)
(chapters/Lecture26.aux) (chapters/Lecture27.aux) (chapters/Lecture28.aux)
(chapters/Lecture29.aux) (chapters/Lecture30.aux) (appendices/AppendixA.aux)
(appendices/AppendixB.aux) (appendices/AppendixD.aux) (appendices/AppendixE.aux
))
\openout1 = `PMnotes.aux'.

LaTeX Font Info:    Checking defaults for OML/cmm/m/it on input line 251.
LaTeX Font Info:    ... okay on input line 251.
LaTeX Font Info:    Checking defaults for T1/cmr/m/n on input line 251.
LaTeX Font Info:    ... okay on input line 251.
LaTeX Font Info:    Checking defaults for OT1/cmr/m/n on input line 251.
LaTeX Font Info:    ... okay on input line 251.
LaTeX Font Info:    Checking defaults for OMS/cmsy/m/n on input line 251.
LaTeX Font Info:    ... okay on input line 251.
LaTeX Font Info:    Checking defaults for OMX/cmex/m/n on input line 251.
LaTeX Font Info:    ... okay on input line 251.
LaTeX Font Info:    Checking defaults for U/cmr/m/n on input line 251.
LaTeX Font Info:    ... okay on input line 251.
LaTeX Font Info:    Checking defaults for PD1/pdf/m/n on input line 251.
LaTeX Font Info:    ... okay on input line 251.

*geometry* driver: auto-detecting
*geometry* detected driver: pdftex
*geometry* verbose mode - [ preamble ] result:
* driver: pdftex
* paper: a4paper
* layout: <same size as paper>
* layoutoffset:(h,v)=(0.0pt,0.0pt)
* modes: twoside 
* h-part:(L,W,R)=(85.35826pt, 441.01773pt, 71.13188pt)
* v-part:(T,H,B)=(99.58464pt, 674.33032pt, 71.13188pt)
* \paperwidth=597.50787pt
* \paperheight=845.04684pt
* \textwidth=441.01773pt
* \textheight=674.33032pt
* \oddsidemargin=13.08827pt
* \evensidemargin=-1.1381pt
* \topmargin=-16.13809pt
* \headheight=15.0pt
* \headsep=28.45274pt
* \topskip=12.0pt
* \footskip=28.45274pt
* \marginparwidth=88.0pt
* \marginparsep=7.0pt
* \columnsep=10.0pt
* \skip\footins=10.8pt plus 4.0pt minus 2.0pt
* \hoffset=0.0pt
* \voffset=0.0pt
* \mag=1000
* \@twocolumnfalse
* \@twosidetrue
* \@mparswitchtrue
* \@reversemarginfalse
* (1in=72.27pt=25.4mm, 1cm=28.453pt)


("C:\Users\15740240\AppData\Local\Programs\MiKTeX 2.9\tex\context\base\supp-pdf
.mkii"
[Loading MPS to PDF converter (version 2006.09.02).]
\scratchcounter=\count173
\scratchdimen=\dimen295
\scratchbox=\box73
\nofMPsegments=\count174
\nofMParguments=\count175
\everyMPshowfont=\toks53
\MPscratchCnt=\count176
\MPscratchDim=\dimen296
\MPnumerator=\count177
\makeMPintoPDFobject=\count178
\everyMPtoPDFconversion=\toks54
)
Package caption Info: Begin \AtBeginDocument code.
Package caption Info: floatrow package is loaded.
Package caption Info: hyperref package is loaded.
Package caption Info: End \AtBeginDocument code.
\AtBeginShipoutBox=\box74
Package hyperref Info: Link coloring ON on input line 251.

("C:\Users\15740240\AppData\Local\Programs\MiKTeX 2.9\tex\latex\hyperref\namere
f.sty"
Package: nameref 2016/05/21 v2.44 Cross-referencing by name of section

("C:\Users\15740240\AppData\Local\Programs\MiKTeX 2.9\tex\generic\oberdiek\gett
itlestring.sty"
Package: gettitlestring 2016/05/16 v1.5 Cleanup title references (HO)
)
\c@section@level=\count179
)
LaTeX Info: Redefining \ref on input line 251.
LaTeX Info: Redefining \pageref on input line 251.
LaTeX Info: Redefining \nameref on input line 251.
 (PMnotes.out) (PMnotes.out)
\@outlinefile=\write5
\openout5 = `PMnotes.out'.


ABD: EveryShipout initializing macros

Package pgfplots Warning: running in backwards compatibility mode (unsuitable t
ick labels; missing features). Consider writing \pgfplotsset{compat=1.14} into 
your preamble.
 on input line 251.

(PMnotes.toc
LaTeX Font Info:    Try loading font information for U+msa on input line 2.

("C:\Users\15740240\AppData\Local\Programs\MiKTeX 2.9\tex\latex\amsfonts\umsa.f
d"
File: umsa.fd 2013/01/14 v3.01 AMS symbols A
)
LaTeX Font Info:    Try loading font information for U+msb on input line 2.

("C:\Users\15740240\AppData\Local\Programs\MiKTeX 2.9\tex\latex\amsfonts\umsb.f
d"
File: umsb.fd 2013/01/14 v3.01 AMS symbols B
)
LaTeX Font Info:    Try loading font information for U+wasy on input line 2.

("C:\Users\15740240\AppData\Local\Programs\MiKTeX 2.9\tex\latex\wasysym\uwasy.f
d"
File: uwasy.fd 2003/10/30 v2.0 Wasy-2 symbol font definitions
)
LaTeX Font Info:    Try loading font information for U+stmry on input line 2.

("C:\Users\15740240\AppData\Local\Programs\MiKTeX 2.9\tex\latex\stmaryrd\ustmry
.fd") [1


{C:/Users/15740240/AppData/Local/MiKTeX/2.9/pdftex/config/pdftex.map}]
[2] [3]

LaTeX Font Warning: Font shape `U/wasy/b/n' in size <8> not available
(Font)              Font shape `U/wasy/m/n' tried instead on input line 157.


LaTeX Font Warning: Font shape `U/wasy/b/n' in size <6> not available
(Font)              Font shape `U/wasy/m/n' tried instead on input line 157.


LaTeX Font Warning: Font shape `U/stmry/b/n' undefined
(Font)              using `U/stmry/m/n' instead on input line 157.

[4] [5] [6] [7] [8])
\tf@toc=\write6
\openout6 = `PMnotes.toc'.

 [9] [10

]
\openout2 = `chapters/Lecture1.aux'.

 (chapters/Lecture1.tex
Chapter 1.

Underfull \hbox (badness 10000) in paragraph at lines 3--4

 []

LaTeX Font Info:    Try loading font information for OMS+cmr on input line 9.
("C:\Users\15740240\AppData\Local\Programs\MiKTeX 2.9\tex\latex\base\omscmr.fd"
File: omscmr.fd 2014/09/29 v2.5h Standard LaTeX font definitions
)
LaTeX Font Info:    Font shape `OMS/cmr/m/n' in size <12> not available
(Font)              Font shape `OMS/cmsy/m/n' tried instead on input line 9.

Underfull \hbox (badness 10000) in paragraph at lines 18--20

 []


Underfull \hbox (badness 10000) in paragraph at lines 21--22

 []

pdfTeX warning (ext4): destination with the same identifier (name{page.1}) has 
been already used, duplicate ignored
<to be read again> 
                   \relax 
l.31 $
      B = \set{x \mid x \; \text{is a natural number}}$ \hspace{0.5cm} \text...
[1



]
Underfull \hbox (badness 10000) in paragraph at lines 33--36

 []


Underfull \hbox (badness 10000) in paragraph at lines 38--41

 []


Underfull \hbox (badness 10000) in paragraph at lines 41--43

 []


Underfull \hbox (badness 10000) in paragraph at lines 49--51

 []


Underfull \hbox (badness 10000) in paragraph at lines 79--82

 []

pdfTeX warning (ext4): destination with the same identifier (name{page.2}) has 
been already used, duplicate ignored
<to be read again> 
                   \relax 
l.82 
      [2]
Underfull \hbox (badness 10000) in paragraph at lines 108--111

 []

pdfTeX warning (ext4): destination with the same identifier (name{page.3}) has 
been already used, duplicate ignored
<to be read again> 
                   \relax 
l.143 
       [3]
Underfull \hbox (badness 10000) in paragraph at lines 155--170

 []


Underfull \hbox (badness 10000) in paragraph at lines 235--236

 []


Underfull \hbox (badness 10000) in paragraph at lines 235--236

 []

pdfTeX warning (ext4): destination with the same identifier (name{page.4}) has 
been already used, duplicate ignored
<to be read again> 
                   \relax 
l.236 
       [4]pdfTeX warning (ext4): destination with the same identifier (name{pag
e.5}) has been already used, duplicate ignored
<to be read again> 
                   \relax 
l.272 \newpage
               [5]
Underfull \hbox (badness 10000) in paragraph at lines 274--276

 []


Overfull \hbox (70.75494pt too wide) in paragraph at lines 337--338
 [][] 
 []


LaTeX Warning: `!h' float specifier changed to `!ht'.


LaTeX Warning: `!h' float specifier changed to `!ht'.


LaTeX Warning: `!h' float specifier changed to `!ht'.


LaTeX Warning: `!h' float specifier changed to `!ht'.

pdfTeX warning (ext4): destination with the same identifier (name{page.6}) has 
been already used, duplicate ignored
<to be read again> 
                   \relax 
l.449 \newpage
               [6]pdfTeX warning (ext4): destination with the same identifier (
name{page.7}) has been already used, duplicate ignored
<to be read again> 
                   \relax 
l.451 \newpage
               [7]pdfTeX warning (ext4): destination with the same identifier (
name{page.8}) has been already used, duplicate ignored
<to be read again> 
                   \relax 
l.485  $
        \set{x \in \N \mid x < \frac{7}{2}} = \set{1,2,3}$ [8]
Underfull \hbox (badness 10000) in paragraph at lines 496--497

 []

pdfTeX warning (ext4): destination with the same identifier (name{page.9}) has 
been already used, duplicate ignored
<to be read again> 
                   \relax 
l.534 \end{alignat*}
                     [9]pdfTeX warning (ext4): destination with the same identi
fier (name{page.10}) has been already used, duplicate ignored
<to be read again> 
                   \relax 
l.608 \end{alignat*}
                     [10]
Underfull \hbox (badness 10000) in paragraph at lines 633--635

 []

[11]) [12]
\openout2 = `chapters/Lecture2.aux'.

 (chapters/Lecture2.tex
Chapter 2.

Underfull \hbox (badness 10000) in paragraph at lines 2--3

 []


Underfull \hbox (badness 10000) in paragraph at lines 4--5

 []


Underfull \hbox (badness 10000) in paragraph at lines 14--15

 []

[13



]
Underfull \hbox (badness 10000) in paragraph at lines 22--23

 []


Underfull \hbox (badness 10000) in paragraph at lines 55--57

 []

[14]
Underfull \hbox (badness 10000) in paragraph at lines 80--81

 []


Underfull \hbox (badness 10000) in paragraph at lines 82--83

 []


Underfull \hbox (badness 10000) in paragraph at lines 84--85

 []

[15]
Underfull \hbox (badness 10000) in paragraph at lines 112--113

 []


Underfull \hbox (badness 10000) in paragraph at lines 122--125

 []

[16]
Overfull \hbox (41.31917pt too wide) detected at line 147
\OML/cmm/m/it/12 B \OT1/cmr/m/n/12 = [] \OML/cmm/m/it/12 ;  []  C \OT1/cmr/m/n/
12 = [] \OML/cmm/m/it/12 :
 []


Underfull \hbox (badness 10000) in paragraph at lines 147--149

 []


Underfull \hbox (badness 10000) in paragraph at lines 155--156

 []


Underfull \hbox (badness 10000) in paragraph at lines 157--158

 []

[17]
Underfull \hbox (badness 10000) in paragraph at lines 167--169

 []

[18]
Underfull \hbox (badness 10000) in paragraph at lines 243--244

 []

[19]
Underfull \hbox (badness 10000) in paragraph at lines 268--270

 []

) [20]
\openout2 = `chapters/Lecture3.aux'.

 (chapters/Lecture3.tex
Chapter 3.

Package hyperref Warning: Difference (2) between bookmark levels is greater 
(hyperref)                than one, level fixed on input line 12.

[21



]
Underfull \hbox (badness 10000) in paragraph at lines 28--29

 []


Underfull \hbox (badness 10000) in paragraph at lines 30--31

 []


Underfull \hbox (badness 10000) in paragraph at lines 35--36

 []


Underfull \hbox (badness 10000) in paragraph at lines 67--68

 []


Underfull \hbox (badness 10000) in paragraph at lines 69--70

 []

[22]
Underfull \hbox (badness 10000) in paragraph at lines 80--82

 []


Underfull \hbox (badness 10000) in paragraph at lines 93--94

 []

[23]
Overfull \hbox (17.92995pt too wide) in paragraph at lines 120--120
[]\OT1/cmr/bx/n/14.4 Selection (sam-pling) with/without or-der and with/without

 []

[24]
Underfull \hbox (badness 10000) in paragraph at lines 153--154

 []

[25]
Overfull \hbox (58.2555pt too wide) detected at line 179
[] \OT1/cmr/m/n/12 = []
 []

[26]
Underfull \hbox (badness 10000) in paragraph at lines 191--192

 []


Underfull \hbox (badness 10000) in paragraph at lines 193--194

 []


Underfull \hbox (badness 10000) in paragraph at lines 198--200

 []

[27]
Underfull \hbox (badness 10000) in paragraph at lines 227--228

 []


Underfull \hbox (badness 10000) in paragraph at lines 240--241

 []

[28] [29]
Underfull \hbox (badness 10000) in paragraph at lines 331--332

 []

[30]) [31]
\openout2 = `chapters/Lecture4.aux'.

 (chapters/Lecture4.tex
Chapter 4.

Package hyperref Warning: Difference (2) between bookmark levels is greater 
(hyperref)                than one, level fixed on input line 12.

[32



]
Underfull \hbox (badness 10000) in paragraph at lines 51--52

 []


Underfull \hbox (badness 10000) in paragraph at lines 66--67

 []

[33]
Underfull \hbox (badness 10000) in paragraph at lines 71--73

 []


Underfull \hbox (badness 10000) in paragraph at lines 86--88

 []

[34]
Underfull \hbox (badness 10000) in paragraph at lines 100--102

 []


Underfull \hbox (badness 10000) in paragraph at lines 116--119

 []

[35]
Underfull \hbox (badness 10000) in paragraph at lines 143--145

 []


Underfull \hbox (badness 10000) in paragraph at lines 149--152

 []


Underfull \hbox (badness 10000) in paragraph at lines 157--160

 []


Overfull \hbox (29.29918pt too wide) in paragraph at lines 164--166
\OT1/cmr/m/n/12 As $\OML/cmm/m/it/12 n$ \OT1/cmr/m/n/12 gets in-finitely large,
 the ex-pres-sion $1\OML/cmm/m/it/12 =n$ \OT1/cmr/m/n/12 will ap-proach 0. So $
[]$ ap-proaches $[] [] =  []2\OML/cmm/m/it/12 =\OT1/cmr/m/n/12 3$.
 []


Underfull \hbox (badness 10000) in paragraph at lines 164--166

 []


Package hyperref Warning: Token not allowed in a PDF string (PDFDocEncoding):
(hyperref)                removing `math shift' on input line 176.


Package hyperref Warning: Token not allowed in a PDF string (PDFDocEncoding):
(hyperref)                removing `math shift' on input line 176.

[36]
Underfull \hbox (badness 10000) in paragraph at lines 189--190

 []

[37]
Underfull \hbox (badness 10000) in paragraph at lines 203--205

 []


Underfull \hbox (badness 10000) in paragraph at lines 206--207

 []

[38] [39]
Underfull \hbox (badness 10000) in paragraph at lines 279--281

 []

[40] [41]
Underfull \hbox (badness 10000) in paragraph at lines 377--378

 []

[42]
Underfull \hbox (badness 10000) in paragraph at lines 400--402

 []


Underfull \hbox (badness 10000) in paragraph at lines 410--412

 []


Underfull \hbox (badness 10000) in paragraph at lines 423--424

 []

[43]
Underfull \hbox (badness 10000) in paragraph at lines 461--463

 []

[44]) [45]
\openout2 = `chapters/Lecture5.aux'.

 (chapters/Lecture5.tex
Chapter 5.

Underfull \hbox (badness 10000) in paragraph at lines 3--4

 []


Underfull \hbox (badness 10000) in paragraph at lines 5--6

 []


Package hyperref Warning: Difference (2) between bookmark levels is greater 
(hyperref)                than one, level fixed on input line 7.


Underfull \hbox (badness 10000) in paragraph at lines 17--21

 []

[46



]
Underfull \hbox (badness 10000) in paragraph at lines 27--29

 []

[47]
Underfull \hbox (badness 10000) in paragraph at lines 101--102

 []


Underfull \hbox (badness 10000) in paragraph at lines 124--126

 []


Underfull \hbox (badness 10000) in paragraph at lines 130--131

 []

[48]
Underfull \hbox (badness 10000) in paragraph at lines 135--137

 []

[49]
Underfull \hbox (badness 10000) in paragraph at lines 193--195

 []

[50]
Underfull \hbox (badness 10000) in paragraph at lines 207--209

 []


Underfull \hbox (badness 10000) in paragraph at lines 213--214

 []


Underfull \hbox (badness 10000) in paragraph at lines 217--220

 []

[51]
Underfull \hbox (badness 10000) in paragraph at lines 239--240

 []


Underfull \hbox (badness 10000) in paragraph at lines 241--242

 []


Overfull \hbox (11.27614pt too wide) in paragraph at lines 246--249
\OT1/cmr/m/n/12 where $\OML/cmm/m/it/12 P\OT1/cmr/m/n/12 (\OML/cmm/m/it/12 B[]\
OT1/cmr/m/n/12 ) \OML/cmm/m/it/12 > \OT1/cmr/m/n/12 0$ for all $\OML/cmm/m/it/1
2 i$\OT1/cmr/m/n/12 . Note that a more math-e-mat-i-cal way to state that $\OML
/cmm/m/it/12 B[]; B[]; [] ; B[]$
 []


Overfull \hbox (2.61105pt too wide) in paragraph at lines 276--390
$[]$$[]$$[]$$[]$  
 []

[52]
Underfull \hbox (badness 10000) in paragraph at lines 406--408

 []


Underfull \hbox (badness 10000) in paragraph at lines 426--427

 []

[53]
Underfull \hbox (badness 10000) in paragraph at lines 445--447

 []


Underfull \hbox (badness 10000) in paragraph at lines 451--452

 []


Underfull \hbox (badness 10000) in paragraph at lines 453--454

 []


Underfull \hbox (badness 10000) in paragraph at lines 455--456

 []

[54]
Underfull \hbox (badness 10000) in paragraph at lines 496--497

 []

) [55]
\openout2 = `chapters/Lecture6.aux'.

 (chapters/Lecture6.tex
Chapter 6.

Underfull \hbox (badness 10000) in paragraph at lines 3--4

 []


Package hyperref Warning: Difference (2) between bookmark levels is greater 
(hyperref)                than one, level fixed on input line 21.


Underfull \hbox (badness 10000) in paragraph at lines 27--29

 []


Underfull \hbox (badness 10000) in paragraph at lines 30--31

 []

[56



]
Overfull \hbox (19.75334pt too wide) in paragraph at lines 37--37
[] 
 []


Underfull \hbox (badness 10000) in paragraph at lines 42--44

 []


Underfull \hbox (badness 10000) in paragraph at lines 49--51

 []


Underfull \hbox (badness 10000) in paragraph at lines 52--54

 []


Underfull \hbox (badness 10000) in paragraph at lines 55--56

 []

[57]
Underfull \hbox (badness 10000) in paragraph at lines 73--74

 []

[58]
Underfull \hbox (badness 10000) in paragraph at lines 114--116

 []


Underfull \hbox (badness 10000) in paragraph at lines 117--119

 []


Underfull \hbox (badness 10000) in paragraph at lines 123--124

 []


Underfull \hbox (badness 10000) in paragraph at lines 130--132

 []

[59]
Underfull \hbox (badness 10000) in paragraph at lines 151--152

 []

[60]
Overfull \hbox (64.0719pt too wide) detected at line 172
\OML/cmm/m/it/12 A \OT1/cmr/m/n/12 = [] \OML/cmm/m/it/12 ;     B \OT1/cmr/m/n/1
2 = [] \OML/cmm/m/it/12 ;     C \OT1/cmr/m/n/12 = [] \OML/cmm/m/it/12 ;     \OT
1/cmr/m/n/12 
 = [] \OML/cmm/m/it/12 :
 []

[61]
Underfull \hbox (badness 10000) in paragraph at lines 206--207

 []


Underfull \hbox (badness 10000) in paragraph at lines 232--234

 []


Underfull \hbox (badness 10000) in paragraph at lines 235--236

 []


Underfull \hbox (badness 10000) in paragraph at lines 237--238

 []


Underfull \hbox (badness 10000) in paragraph at lines 239--240

 []

[62]
Underfull \hbox (badness 10000) in paragraph at lines 245--246

 []


Underfull \hbox (badness 10000) in paragraph at lines 272--274

 []


Underfull \hbox (badness 10000) in paragraph at lines 275--276

 []

[63]
Underfull \hbox (badness 10000) in paragraph at lines 302--303

 []


Underfull \hbox (badness 10000) in paragraph at lines 304--305

 []


Underfull \hbox (badness 10000) in paragraph at lines 319--321

 []


Underfull \hbox (badness 10000) in paragraph at lines 322--323

 []

[64]) [65]
\openout2 = `chapters/Lecture7.aux'.

 (chapters/Lecture7.tex
Chapter 7.

Package hyperref Warning: Difference (2) between bookmark levels is greater 
(hyperref)                than one, level fixed on input line 4.


Underfull \hbox (badness 10000) in paragraph at lines 5--6

 []


Underfull \hbox (badness 10000) in paragraph at lines 7--8

 []


Underfull \hbox (badness 10000) in paragraph at lines 9--10

 []


Underfull \hbox (badness 10000) in paragraph at lines 11--13

 []


Underfull \hbox (badness 10000) in paragraph at lines 22--23

 []

[66



] [67]
Underfull \hbox (badness 10000) in paragraph at lines 109--110

 []

[68]
Underfull \hbox (badness 10000) in paragraph at lines 130--132

 []

[69]
Underfull \hbox (badness 10000) in paragraph at lines 178--179

 []


Underfull \hbox (badness 10000) in paragraph at lines 184--186

 []


Underfull \hbox (badness 10000) in paragraph at lines 198--199

 []


Package hyperref Warning: Token not allowed in a PDF string (PDFDocEncoding):
(hyperref)                removing `math shift' on input line 202.


Package hyperref Warning: Token not allowed in a PDF string (PDFDocEncoding):
(hyperref)                removing `math shift' on input line 202.


Underfull \hbox (badness 10000) in paragraph at lines 203--204

 []

[70] [71]
Underfull \hbox (badness 10000) in paragraph at lines 249--250

 []


Underfull \hbox (badness 10000) in paragraph at lines 255--256

 []


Package hyperref Warning: Token not allowed in a PDF string (PDFDocEncoding):
(hyperref)                removing `math shift' on input line 258.


Package hyperref Warning: Token not allowed in a PDF string (PDFDocEncoding):
(hyperref)                removing `superscript' on input line 258.


Package hyperref Warning: Token not allowed in a PDF string (PDFDocEncoding):
(hyperref)                removing `math shift' on input line 258.


Underfull \hbox (badness 10000) in paragraph at lines 259--260

 []


Underfull \hbox (badness 10000) in paragraph at lines 261--262

 []


Overfull \hbox (30.72772pt too wide) in paragraph at lines 274--275
 [] 
 []

[72]

Package hyperref Warning: Token not allowed in a PDF string (PDFDocEncoding):
(hyperref)                removing `math shift' on input line 289.


Package hyperref Warning: Token not allowed in a PDF string (PDFDocEncoding):
(hyperref)                removing `superscript' on input line 289.


Package hyperref Warning: Token not allowed in a PDF string (PDFDocEncoding):
(hyperref)                removing `math shift' on input line 289.


Underfull \hbox (badness 10000) in paragraph at lines 290--291

 []

[73]
Underfull \hbox (badness 10000) in paragraph at lines 315--317

 []


Underfull \hbox (badness 10000) in paragraph at lines 322--324

 []


Underfull \hbox (badness 10000) in paragraph at lines 341--342

 []

[74]
Underfull \hbox (badness 10000) in paragraph at lines 361--363

 []


Underfull \hbox (badness 10000) in paragraph at lines 364--365

 []


Underfull \hbox (badness 10000) in paragraph at lines 366--367

 []


Underfull \hbox (badness 10000) in paragraph at lines 368--369

 []

[75]

Package hyperref Warning: Token not allowed in a PDF string (PDFDocEncoding):
(hyperref)                removing `math shift' on input line 395.


Package hyperref Warning: Token not allowed in a PDF string (PDFDocEncoding):
(hyperref)                removing `\begingroup' on input line 395.


Package hyperref Warning: Token not allowed in a PDF string (PDFDocEncoding):
(hyperref)                removing `\endgroup' on input line 395.


Package hyperref Warning: Token not allowed in a PDF string (PDFDocEncoding):
(hyperref)                removing `\@@over' on input line 395.


Package hyperref Warning: Token not allowed in a PDF string (PDFDocEncoding):
(hyperref)                removing `math shift' on input line 395.

[76]
Underfull \hbox (badness 10000) in paragraph at lines 415--417

 []


Underfull \hbox (badness 10000) in paragraph at lines 431--432

 []


Underfull \hbox (badness 10000) in paragraph at lines 446--448

 []

[77]
Underfull \hbox (badness 10000) in paragraph at lines 461--462

 []

[78]
Underfull \hbox (badness 10000) in paragraph at lines 479--480

 []


Underfull \hbox (badness 10000) in paragraph at lines 481--482

 []


Package hyperref Warning: Token not allowed in a PDF string (PDFDocEncoding):
(hyperref)                removing `math shift' on input line 515.


Package hyperref Warning: Token not allowed in a PDF string (PDFDocEncoding):
(hyperref)                removing `superscript' on input line 515.


Package hyperref Warning: Token not allowed in a PDF string (PDFDocEncoding):
(hyperref)                removing `\begingroup' on input line 515.


Package hyperref Warning: Token not allowed in a PDF string (PDFDocEncoding):
(hyperref)                removing `\endgroup' on input line 515.


Package hyperref Warning: Token not allowed in a PDF string (PDFDocEncoding):
(hyperref)                removing `\@@over' on input line 515.


Package hyperref Warning: Token not allowed in a PDF string (PDFDocEncoding):
(hyperref)                removing `math shift' on input line 515.

[79]
Underfull \hbox (badness 10000) in paragraph at lines 563--564

 []


Package hyperref Warning: Token not allowed in a PDF string (PDFDocEncoding):
(hyperref)                removing `math shift' on input line 568.


Package hyperref Warning: Token not allowed in a PDF string (PDFDocEncoding):
(hyperref)                removing `superscript' on input line 568.


Package hyperref Warning: Token not allowed in a PDF string (PDFDocEncoding):
(hyperref)                removing `math shift' on input line 568.

[80]
Underfull \hbox (badness 10000) in paragraph at lines 604--605

 []


Underfull \hbox (badness 10000) in paragraph at lines 606--607

 []

[81]

Package hyperref Warning: Token not allowed in a PDF string (PDFDocEncoding):
(hyperref)                removing `math shift' on input line 637.


Package hyperref Warning: Token not allowed in a PDF string (PDFDocEncoding):
(hyperref)                removing `\mathop' on input line 637.


Package hyperref Warning: Token not allowed in a PDF string (PDFDocEncoding):
(hyperref)                removing `\mathgroup' on input line 637.


Package hyperref Warning: Token not allowed in a PDF string (PDFDocEncoding):
(hyperref)                removing `\symoperators' on input line 637.


Package hyperref Warning: Token not allowed in a PDF string (PDFDocEncoding):
(hyperref)                removing `\@ifnextchar' on input line 637.


Package hyperref Warning: Token not allowed in a PDF string (PDFDocEncoding):
(hyperref)                removing `subscript' on input line 637.


Package hyperref Warning: Token not allowed in a PDF string (PDFDocEncoding):
(hyperref)                removing `math shift' on input line 637.


Underfull \hbox (badness 10000) in paragraph at lines 641--643

 []


Underfull \hbox (badness 10000) in paragraph at lines 644--645

 []

[82]
Underfull \hbox (badness 10000) in paragraph at lines 646--647

 []


Underfull \hbox (badness 10000) in paragraph at lines 648--649

 []


Underfull \hbox (badness 10000) in paragraph at lines 650--651

 []


Underfull \hbox (badness 10000) in paragraph at lines 652--653

 []


Underfull \hbox (badness 10000) in paragraph at lines 669--670

 []


Underfull \hbox (badness 10000) in paragraph at lines 671--672

 []


Underfull \hbox (badness 10000) in paragraph at lines 673--674

 []


Underfull \hbox (badness 10000) in paragraph at lines 689--690

 []


Underfull \hbox (badness 10000) in paragraph at lines 691--692

 []


Underfull \hbox (badness 10000) in paragraph at lines 693--694

 []

[83]
Underfull \hbox (badness 10000) in paragraph at lines 699--700

 []


Underfull \hbox (badness 10000) in paragraph at lines 701--703

 []


Underfull \hbox (badness 10000) in paragraph at lines 701--703

 []

[84]
Underfull \hbox (badness 10000) in paragraph at lines 764--765

 []

[85]
Underfull \hbox (badness 10000) in paragraph at lines 845--847

 []


Underfull \hbox (badness 10000) in paragraph at lines 845--847

 []


Underfull \hbox (badness 10000) in paragraph at lines 850--851

 []

[86]
Underfull \hbox (badness 10000) in paragraph at lines 899--900

 []

[87]
Underfull \hbox (badness 10000) in paragraph at lines 907--908

 []


Underfull \hbox (badness 10000) in paragraph at lines 915--916

 []

[88]
Underfull \hbox (badness 10000) in paragraph at lines 932--935

 []


Underfull \hbox (badness 10000) in paragraph at lines 937--938

 []

) [89]
\openout2 = `chapters/Lecture8.aux'.

 (chapters/Lecture8.tex
Chapter 8.

Package hyperref Warning: Difference (2) between bookmark levels is greater 
(hyperref)                than one, level fixed on input line 4.


Underfull \hbox (badness 10000) in paragraph at lines 9--11

 []


Underfull \hbox (badness 10000) in paragraph at lines 12--13

 []

[90



]
Underfull \hbox (badness 10000) in paragraph at lines 20--22

 []


Underfull \hbox (badness 10000) in paragraph at lines 23--24

 []


Underfull \hbox (badness 10000) in paragraph at lines 25--26

 []


Underfull \hbox (badness 10000) in paragraph at lines 30--31

 []


Underfull \hbox (badness 10000) in paragraph at lines 32--33

 []

[91]
Underfull \hbox (badness 10000) in paragraph at lines 53--55

 []


Underfull \hbox (badness 10000) in paragraph at lines 71--73

 []


Package Fancyhdr Warning: \headheight is too small (15.0pt): 
 Make it at least 27.18335pt.
 We now make it that large for the rest of the document.
 This may cause the page layout to be inconsistent, however.

[92] [93]
Underfull \hbox (badness 10000) in paragraph at lines 177--179

 []


Package Fancyhdr Warning: \headheight is too small (15.0pt): 
 Make it at least 27.18335pt.
 We now make it that large for the rest of the document.
 This may cause the page layout to be inconsistent, however.

[94]
Underfull \hbox (badness 10000) in paragraph at lines 203--204

 []


Underfull \hbox (badness 10000) in paragraph at lines 212--213

 []

[95]

Package Fancyhdr Warning: \headheight is too small (15.0pt): 
 Make it at least 27.18335pt.
 We now make it that large for the rest of the document.
 This may cause the page layout to be inconsistent, however.

[96] [97]
Underfull \hbox (badness 10000) in paragraph at lines 336--337

 []


Overfull \hbox (28.34143pt too wide) in paragraph at lines 364--418
[] []
 []


Package Fancyhdr Warning: \headheight is too small (15.0pt): 
 Make it at least 27.18335pt.
 We now make it that large for the rest of the document.
 This may cause the page layout to be inconsistent, however.

[98] [99]
Underfull \hbox (badness 10000) in paragraph at lines 484--486

 []


Underfull \hbox (badness 10000) in paragraph at lines 503--504

 []


Package Fancyhdr Warning: \headheight is too small (15.0pt): 
 Make it at least 27.18335pt.
 We now make it that large for the rest of the document.
 This may cause the page layout to be inconsistent, however.

[100]
Underfull \hbox (badness 10000) in paragraph at lines 522--523

 []


Underfull \hbox (badness 10000) in paragraph at lines 524--525

 []

[101])

Package Fancyhdr Warning: \headheight is too small (15.0pt): 
 Make it at least 27.18335pt.
 We now make it that large for the rest of the document.
 This may cause the page layout to be inconsistent, however.

[102]
\openout2 = `chapters/Lecture9.aux'.

 (chapters/Lecture9.tex
Chapter 9.

Underfull \hbox (badness 10000) in paragraph at lines 2--3

 []


Package hyperref Warning: Difference (2) between bookmark levels is greater 
(hyperref)                than one, level fixed on input line 4.


Overfull \hbox (31.41734pt too wide) in paragraph at lines 20--21
 [] 
 []


Overfull \hbox (75.20856pt too wide) in paragraph at lines 35--36
 [] 
 []


Overfull \hbox (49.57825pt too wide) in paragraph at lines 51--52
 [] 
 []

[103



]
Overfull \hbox (15.10548pt too wide) detected at line 107
[] \OT1/cmr/m/n/12 = [\OML/cmm/m/it/12 a; \OMS/cmsy/m/n/12 1\OT1/cmr/m/n/12 )\O
ML/cmm/m/it/12 ;  [] \OT1/cmr/m/n/12 = (\OML/cmm/m/it/12 a; \OMS/cmsy/m/n/12 1\
OT1/cmr/m/n/12 )\OML/cmm/m/it/12 ;  [] \OT1/cmr/m/n/12 = (\OMS/cmsy/m/n/12  1\O
ML/cmm/m/it/12 ; a\OT1/cmr/m/n/12 )\OML/cmm/m/it/12 :
 []

[104]
Underfull \hbox (badness 10000) in paragraph at lines 163--164

 []

[105] [106]
Underfull \hbox (badness 10000) in paragraph at lines 232--233

 []


Underfull \hbox (badness 10000) in paragraph at lines 247--248

 []

[107]
Underfull \hbox (badness 10000) in paragraph at lines 273--274

 []


Underfull \hbox (badness 10000) in paragraph at lines 275--277

 []


Underfull \hbox (badness 10000) in paragraph at lines 278--279

 []

[108]
Underfull \hbox (badness 10000) in paragraph at lines 326--327

 []

[109]
Underfull \hbox (badness 10000) in paragraph at lines 349--350

 []

[110]
Underfull \hbox (badness 10000) in paragraph at lines 380--381

 []

[111]
Underfull \hbox (badness 10000) in paragraph at lines 456--458

 []

[112]
Underfull \hbox (badness 10000) in paragraph at lines 477--478

 []


Underfull \hbox (badness 10000) in paragraph at lines 512--514

 []

[113]
Underfull \hbox (badness 10000) in paragraph at lines 520--522

 []


Underfull \hbox (badness 10000) in paragraph at lines 563--565

 []

[114]
Underfull \hbox (badness 10000) in paragraph at lines 614--616

 []

[115]) [116]
\openout2 = `chapters/Lecture10.aux'.

 (chapters/Lecture10.tex
Chapter 10.
[117



]
Underfull \hbox (badness 10000) in paragraph at lines 53--54

 []


Underfull \hbox (badness 10000) in paragraph at lines 55--56

 []


Underfull \hbox (badness 10000) in paragraph at lines 95--96

 []

[118]
Underfull \hbox (badness 10000) in paragraph at lines 118--119

 []


Underfull \hbox (badness 10000) in paragraph at lines 133--134

 []


Underfull \hbox (badness 10000) in paragraph at lines 136--137

 []

[119]
Underfull \hbox (badness 10000) in paragraph at lines 138--139

 []


Underfull \hbox (badness 10000) in paragraph at lines 140--141

 []


Underfull \hbox (badness 10000) in paragraph at lines 148--150

 []


Underfull \hbox (badness 10000) in paragraph at lines 151--152

 []

[120] [121]
Underfull \hbox (badness 10000) in paragraph at lines 248--249

 []


Underfull \hbox (badness 10000) in paragraph at lines 250--251

 []


Underfull \hbox (badness 10000) in paragraph at lines 252--253

 []


Underfull \hbox (badness 10000) in paragraph at lines 254--255

 []

[122]

LaTeX Font Warning: Font shape `U/wasy/b/n' in size <7> not available
(Font)              Font shape `U/wasy/m/n' tried instead on input line 359.


Package hyperref Warning: Token not allowed in a PDF string (PDFDocEncoding):
(hyperref)                removing `math shift' on input line 359.


Package hyperref Warning: Token not allowed in a PDF string (PDFDocEncoding):
(hyperref)                removing `\begingroup' on input line 359.


Package hyperref Warning: Token not allowed in a PDF string (PDFDocEncoding):
(hyperref)                removing `\<let>-command' on input line 359.


Package hyperref Warning: Token not allowed in a PDF string (PDFDocEncoding):
(hyperref)                removing `\@nomath' on input line 359.


Package hyperref Warning: Token not allowed in a PDF string (PDFDocEncoding):
(hyperref)                removing `\begingroup' on input line 359.


Package hyperref Warning: Token not allowed in a PDF string (PDFDocEncoding):
(hyperref)                removing `\setbox' on input line 359.


Package hyperref Warning: Token not allowed in a PDF string (PDFDocEncoding):
(hyperref)                removing `\z@' on input line 359.


Package hyperref Warning: Token not allowed in a PDF string (PDFDocEncoding):
(hyperref)                removing `\hbox' on input line 359.


Package hyperref Warning: Token not allowed in a PDF string (PDFDocEncoding):
(hyperref)                removing `\thinmuskip' on input line 359.


Package hyperref Warning: Token not allowed in a PDF string (PDFDocEncoding):
(hyperref)                removing `\medmuskip' on input line 359.


Package hyperref Warning: Token not allowed in a PDF string (PDFDocEncoding):
(hyperref)                removing `\m@ne' on input line 359.


Package hyperref Warning: Token not allowed in a PDF string (PDFDocEncoding):
(hyperref)                removing `\thickmuskip' on input line 359.


Package hyperref Warning: Token not allowed in a PDF string (PDFDocEncoding):
(hyperref)                removing `\@ne' on input line 359.


Package hyperref Warning: Token not allowed in a PDF string (PDFDocEncoding):
(hyperref)                removing `\setbox' on input line 359.


Package hyperref Warning: Token not allowed in a PDF string (PDFDocEncoding):
(hyperref)                removing `\tw@' on input line 359.


Package hyperref Warning: Token not allowed in a PDF string (PDFDocEncoding):
(hyperref)                removing `\hbox' on input line 359.


Package hyperref Warning: Token not allowed in a PDF string (PDFDocEncoding):
(hyperref)                removing `math shift' on input line 359.


Package hyperref Warning: Token not allowed in a PDF string (PDFDocEncoding):
(hyperref)                removing `\mathsurround' on input line 359.


Package hyperref Warning: Token not allowed in a PDF string (PDFDocEncoding):
(hyperref)                removing `\z@' on input line 359.


Package hyperref Warning: Token not allowed in a PDF string (PDFDocEncoding):
(hyperref)                removing `math shift' on input line 359.


Package hyperref Warning: Token not allowed in a PDF string (PDFDocEncoding):
(hyperref)                removing `math shift' on input line 359.


Package hyperref Warning: Token not allowed in a PDF string (PDFDocEncoding):
(hyperref)                removing `\mathsurround' on input line 359.


Package hyperref Warning: Token not allowed in a PDF string (PDFDocEncoding):
(hyperref)                removing `\z@' on input line 359.


Package hyperref Warning: Token not allowed in a PDF string (PDFDocEncoding):
(hyperref)                removing `math shift' on input line 359.


Package hyperref Warning: Token not allowed in a PDF string (PDFDocEncoding):
(hyperref)                removing `\<def>-command' on input line 359.


Package hyperref Warning: Token not allowed in a PDF string (PDFDocEncoding):
(hyperref)                removing `\@tempa' on input line 359.


Package hyperref Warning: Token not allowed in a PDF string (PDFDocEncoding):
(hyperref)                removing `\mathchoice' on input line 359.


Package hyperref Warning: Token not allowed in a PDF string (PDFDocEncoding):
(hyperref)                removing `\hbox' on input line 359.


Package hyperref Warning: Token not allowed in a PDF string (PDFDocEncoding):
(hyperref)                removing `math shift' on input line 359.


Package hyperref Warning: Token not allowed in a PDF string (PDFDocEncoding):
(hyperref)                removing `\mathsurround' on input line 359.


Package hyperref Warning: Token not allowed in a PDF string (PDFDocEncoding):
(hyperref)                removing `\z@' on input line 359.


Package hyperref Warning: Token not allowed in a PDF string (PDFDocEncoding):
(hyperref)                removing `\displaystyle' on input line 359.


Package hyperref Warning: Token not allowed in a PDF string (PDFDocEncoding):
(hyperref)                removing `math shift' on input line 359.


Package hyperref Warning: Token not allowed in a PDF string (PDFDocEncoding):
(hyperref)                removing `\hbox' on input line 359.


Package hyperref Warning: Token not allowed in a PDF string (PDFDocEncoding):
(hyperref)                removing `math shift' on input line 359.


Package hyperref Warning: Token not allowed in a PDF string (PDFDocEncoding):
(hyperref)                removing `\mathsurround' on input line 359.


Package hyperref Warning: Token not allowed in a PDF string (PDFDocEncoding):
(hyperref)                removing `\z@' on input line 359.


Package hyperref Warning: Token not allowed in a PDF string (PDFDocEncoding):
(hyperref)                removing `\textstyle' on input line 359.


Package hyperref Warning: Token not allowed in a PDF string (PDFDocEncoding):
(hyperref)                removing `math shift' on input line 359.


Package hyperref Warning: Token not allowed in a PDF string (PDFDocEncoding):
(hyperref)                removing `\hbox' on input line 359.


Package hyperref Warning: Token not allowed in a PDF string (PDFDocEncoding):
(hyperref)                removing `math shift' on input line 359.


Package hyperref Warning: Token not allowed in a PDF string (PDFDocEncoding):
(hyperref)                removing `\mathsurround' on input line 359.


Package hyperref Warning: Token not allowed in a PDF string (PDFDocEncoding):
(hyperref)                removing `\z@' on input line 359.


Package hyperref Warning: Token not allowed in a PDF string (PDFDocEncoding):
(hyperref)                removing `\scriptstyle' on input line 359.


Package hyperref Warning: Token not allowed in a PDF string (PDFDocEncoding):
(hyperref)                removing `math shift' on input line 359.


Package hyperref Warning: Token not allowed in a PDF string (PDFDocEncoding):
(hyperref)                removing `\hbox' on input line 359.


Package hyperref Warning: Token not allowed in a PDF string (PDFDocEncoding):
(hyperref)                removing `math shift' on input line 359.


Package hyperref Warning: Token not allowed in a PDF string (PDFDocEncoding):
(hyperref)                removing `\mathsurround' on input line 359.


Package hyperref Warning: Token not allowed in a PDF string (PDFDocEncoding):
(hyperref)                removing `\z@' on input line 359.


Package hyperref Warning: Token not allowed in a PDF string (PDFDocEncoding):
(hyperref)                removing `\scriptscriptstyle' on input line 359.


Package hyperref Warning: Token not allowed in a PDF string (PDFDocEncoding):
(hyperref)                removing `math shift' on input line 359.


Package hyperref Warning: Token not allowed in a PDF string (PDFDocEncoding):
(hyperref)                removing `\endgroup' on input line 359.


Package hyperref Warning: Token not allowed in a PDF string (PDFDocEncoding):
(hyperref)                removing `math shift' on input line 359.


Underfull \hbox (badness 10000) in paragraph at lines 360--361

 []

[123]
Underfull \hbox (badness 10000) in paragraph at lines 362--363

 []


Underfull \hbox (badness 10000) in paragraph at lines 371--373

 []


Underfull \hbox (badness 10000) in paragraph at lines 381--383

 []

[124]
Underfull \hbox (badness 10000) in paragraph at lines 417--418

 []


Underfull \hbox (badness 10000) in paragraph at lines 434--435

 []

[125]
Underfull \hbox (badness 10000) in paragraph at lines 444--446

 []

[126]

Package hyperref Warning: Token not allowed in a PDF string (PDFDocEncoding):
(hyperref)                removing `math shift' on input line 555.


Package hyperref Warning: Token not allowed in a PDF string (PDFDocEncoding):
(hyperref)                removing `\begingroup' on input line 555.


Package hyperref Warning: Token not allowed in a PDF string (PDFDocEncoding):
(hyperref)                removing `\<let>-command' on input line 555.


Package hyperref Warning: Token not allowed in a PDF string (PDFDocEncoding):
(hyperref)                removing `\@nomath' on input line 555.


Package hyperref Warning: Token not allowed in a PDF string (PDFDocEncoding):
(hyperref)                removing `\begingroup' on input line 555.


Package hyperref Warning: Token not allowed in a PDF string (PDFDocEncoding):
(hyperref)                removing `\setbox' on input line 555.


Package hyperref Warning: Token not allowed in a PDF string (PDFDocEncoding):
(hyperref)                removing `\z@' on input line 555.


Package hyperref Warning: Token not allowed in a PDF string (PDFDocEncoding):
(hyperref)                removing `\hbox' on input line 555.


Package hyperref Warning: Token not allowed in a PDF string (PDFDocEncoding):
(hyperref)                removing `\thinmuskip' on input line 555.


Package hyperref Warning: Token not allowed in a PDF string (PDFDocEncoding):
(hyperref)                removing `\medmuskip' on input line 555.


Package hyperref Warning: Token not allowed in a PDF string (PDFDocEncoding):
(hyperref)                removing `\m@ne' on input line 555.


Package hyperref Warning: Token not allowed in a PDF string (PDFDocEncoding):
(hyperref)                removing `\thickmuskip' on input line 555.


Package hyperref Warning: Token not allowed in a PDF string (PDFDocEncoding):
(hyperref)                removing `\@ne' on input line 555.


Package hyperref Warning: Token not allowed in a PDF string (PDFDocEncoding):
(hyperref)                removing `\setbox' on input line 555.


Package hyperref Warning: Token not allowed in a PDF string (PDFDocEncoding):
(hyperref)                removing `\tw@' on input line 555.


Package hyperref Warning: Token not allowed in a PDF string (PDFDocEncoding):
(hyperref)                removing `\hbox' on input line 555.


Package hyperref Warning: Token not allowed in a PDF string (PDFDocEncoding):
(hyperref)                removing `math shift' on input line 555.


Package hyperref Warning: Token not allowed in a PDF string (PDFDocEncoding):
(hyperref)                removing `\mathsurround' on input line 555.


Package hyperref Warning: Token not allowed in a PDF string (PDFDocEncoding):
(hyperref)                removing `\z@' on input line 555.


Package hyperref Warning: Token not allowed in a PDF string (PDFDocEncoding):
(hyperref)                removing `math shift' on input line 555.


Package hyperref Warning: Token not allowed in a PDF string (PDFDocEncoding):
(hyperref)                removing `math shift' on input line 555.


Package hyperref Warning: Token not allowed in a PDF string (PDFDocEncoding):
(hyperref)                removing `\mathsurround' on input line 555.


Package hyperref Warning: Token not allowed in a PDF string (PDFDocEncoding):
(hyperref)                removing `\z@' on input line 555.


Package hyperref Warning: Token not allowed in a PDF string (PDFDocEncoding):
(hyperref)                removing `math shift' on input line 555.


Package hyperref Warning: Token not allowed in a PDF string (PDFDocEncoding):
(hyperref)                removing `\<def>-command' on input line 555.


Package hyperref Warning: Token not allowed in a PDF string (PDFDocEncoding):
(hyperref)                removing `\@tempa' on input line 555.


Package hyperref Warning: Token not allowed in a PDF string (PDFDocEncoding):
(hyperref)                removing `\mathchoice' on input line 555.


Package hyperref Warning: Token not allowed in a PDF string (PDFDocEncoding):
(hyperref)                removing `\hbox' on input line 555.


Package hyperref Warning: Token not allowed in a PDF string (PDFDocEncoding):
(hyperref)                removing `math shift' on input line 555.


Package hyperref Warning: Token not allowed in a PDF string (PDFDocEncoding):
(hyperref)                removing `\mathsurround' on input line 555.


Package hyperref Warning: Token not allowed in a PDF string (PDFDocEncoding):
(hyperref)                removing `\z@' on input line 555.


Package hyperref Warning: Token not allowed in a PDF string (PDFDocEncoding):
(hyperref)                removing `\displaystyle' on input line 555.


Package hyperref Warning: Token not allowed in a PDF string (PDFDocEncoding):
(hyperref)                removing `math shift' on input line 555.


Package hyperref Warning: Token not allowed in a PDF string (PDFDocEncoding):
(hyperref)                removing `\hbox' on input line 555.


Package hyperref Warning: Token not allowed in a PDF string (PDFDocEncoding):
(hyperref)                removing `math shift' on input line 555.


Package hyperref Warning: Token not allowed in a PDF string (PDFDocEncoding):
(hyperref)                removing `\mathsurround' on input line 555.


Package hyperref Warning: Token not allowed in a PDF string (PDFDocEncoding):
(hyperref)                removing `\z@' on input line 555.


Package hyperref Warning: Token not allowed in a PDF string (PDFDocEncoding):
(hyperref)                removing `\textstyle' on input line 555.


Package hyperref Warning: Token not allowed in a PDF string (PDFDocEncoding):
(hyperref)                removing `math shift' on input line 555.


Package hyperref Warning: Token not allowed in a PDF string (PDFDocEncoding):
(hyperref)                removing `\hbox' on input line 555.


Package hyperref Warning: Token not allowed in a PDF string (PDFDocEncoding):
(hyperref)                removing `math shift' on input line 555.


Package hyperref Warning: Token not allowed in a PDF string (PDFDocEncoding):
(hyperref)                removing `\mathsurround' on input line 555.


Package hyperref Warning: Token not allowed in a PDF string (PDFDocEncoding):
(hyperref)                removing `\z@' on input line 555.


Package hyperref Warning: Token not allowed in a PDF string (PDFDocEncoding):
(hyperref)                removing `\scriptstyle' on input line 555.


Package hyperref Warning: Token not allowed in a PDF string (PDFDocEncoding):
(hyperref)                removing `math shift' on input line 555.


Package hyperref Warning: Token not allowed in a PDF string (PDFDocEncoding):
(hyperref)                removing `\hbox' on input line 555.


Package hyperref Warning: Token not allowed in a PDF string (PDFDocEncoding):
(hyperref)                removing `math shift' on input line 555.


Package hyperref Warning: Token not allowed in a PDF string (PDFDocEncoding):
(hyperref)                removing `\mathsurround' on input line 555.


Package hyperref Warning: Token not allowed in a PDF string (PDFDocEncoding):
(hyperref)                removing `\z@' on input line 555.


Package hyperref Warning: Token not allowed in a PDF string (PDFDocEncoding):
(hyperref)                removing `\scriptscriptstyle' on input line 555.


Package hyperref Warning: Token not allowed in a PDF string (PDFDocEncoding):
(hyperref)                removing `math shift' on input line 555.


Package hyperref Warning: Token not allowed in a PDF string (PDFDocEncoding):
(hyperref)                removing `\endgroup' on input line 555.


Package hyperref Warning: Token not allowed in a PDF string (PDFDocEncoding):
(hyperref)                removing `math shift' on input line 555.


Package hyperref Warning: Token not allowed in a PDF string (PDFDocEncoding):
(hyperref)                removing `math shift' on input line 555.


Package hyperref Warning: Token not allowed in a PDF string (PDFDocEncoding):
(hyperref)                removing `\begingroup' on input line 555.


Package hyperref Warning: Token not allowed in a PDF string (PDFDocEncoding):
(hyperref)                removing `\<let>-command' on input line 555.


Package hyperref Warning: Token not allowed in a PDF string (PDFDocEncoding):
(hyperref)                removing `\@nomath' on input line 555.


Package hyperref Warning: Token not allowed in a PDF string (PDFDocEncoding):
(hyperref)                removing `\begingroup' on input line 555.


Package hyperref Warning: Token not allowed in a PDF string (PDFDocEncoding):
(hyperref)                removing `\setbox' on input line 555.


Package hyperref Warning: Token not allowed in a PDF string (PDFDocEncoding):
(hyperref)                removing `\z@' on input line 555.


Package hyperref Warning: Token not allowed in a PDF string (PDFDocEncoding):
(hyperref)                removing `\hbox' on input line 555.


Package hyperref Warning: Token not allowed in a PDF string (PDFDocEncoding):
(hyperref)                removing `\thinmuskip' on input line 555.


Package hyperref Warning: Token not allowed in a PDF string (PDFDocEncoding):
(hyperref)                removing `\medmuskip' on input line 555.


Package hyperref Warning: Token not allowed in a PDF string (PDFDocEncoding):
(hyperref)                removing `\m@ne' on input line 555.


Package hyperref Warning: Token not allowed in a PDF string (PDFDocEncoding):
(hyperref)                removing `\thickmuskip' on input line 555.


Package hyperref Warning: Token not allowed in a PDF string (PDFDocEncoding):
(hyperref)                removing `\@ne' on input line 555.


Package hyperref Warning: Token not allowed in a PDF string (PDFDocEncoding):
(hyperref)                removing `\setbox' on input line 555.


Package hyperref Warning: Token not allowed in a PDF string (PDFDocEncoding):
(hyperref)                removing `\tw@' on input line 555.


Package hyperref Warning: Token not allowed in a PDF string (PDFDocEncoding):
(hyperref)                removing `\hbox' on input line 555.


Package hyperref Warning: Token not allowed in a PDF string (PDFDocEncoding):
(hyperref)                removing `math shift' on input line 555.


Package hyperref Warning: Token not allowed in a PDF string (PDFDocEncoding):
(hyperref)                removing `\mathsurround' on input line 555.


Package hyperref Warning: Token not allowed in a PDF string (PDFDocEncoding):
(hyperref)                removing `\z@' on input line 555.


Package hyperref Warning: Token not allowed in a PDF string (PDFDocEncoding):
(hyperref)                removing `math shift' on input line 555.


Package hyperref Warning: Token not allowed in a PDF string (PDFDocEncoding):
(hyperref)                removing `math shift' on input line 555.


Package hyperref Warning: Token not allowed in a PDF string (PDFDocEncoding):
(hyperref)                removing `\mathsurround' on input line 555.


Package hyperref Warning: Token not allowed in a PDF string (PDFDocEncoding):
(hyperref)                removing `\z@' on input line 555.


Package hyperref Warning: Token not allowed in a PDF string (PDFDocEncoding):
(hyperref)                removing `math shift' on input line 555.


Package hyperref Warning: Token not allowed in a PDF string (PDFDocEncoding):
(hyperref)                removing `\<def>-command' on input line 555.


Package hyperref Warning: Token not allowed in a PDF string (PDFDocEncoding):
(hyperref)                removing `\@tempa' on input line 555.


Package hyperref Warning: Token not allowed in a PDF string (PDFDocEncoding):
(hyperref)                removing `\mathchoice' on input line 555.


Package hyperref Warning: Token not allowed in a PDF string (PDFDocEncoding):
(hyperref)                removing `\hbox' on input line 555.


Package hyperref Warning: Token not allowed in a PDF string (PDFDocEncoding):
(hyperref)                removing `math shift' on input line 555.


Package hyperref Warning: Token not allowed in a PDF string (PDFDocEncoding):
(hyperref)                removing `\mathsurround' on input line 555.


Package hyperref Warning: Token not allowed in a PDF string (PDFDocEncoding):
(hyperref)                removing `\z@' on input line 555.


Package hyperref Warning: Token not allowed in a PDF string (PDFDocEncoding):
(hyperref)                removing `\displaystyle' on input line 555.


Package hyperref Warning: Token not allowed in a PDF string (PDFDocEncoding):
(hyperref)                removing `math shift' on input line 555.


Package hyperref Warning: Token not allowed in a PDF string (PDFDocEncoding):
(hyperref)                removing `\hbox' on input line 555.


Package hyperref Warning: Token not allowed in a PDF string (PDFDocEncoding):
(hyperref)                removing `math shift' on input line 555.


Package hyperref Warning: Token not allowed in a PDF string (PDFDocEncoding):
(hyperref)                removing `\mathsurround' on input line 555.


Package hyperref Warning: Token not allowed in a PDF string (PDFDocEncoding):
(hyperref)                removing `\z@' on input line 555.


Package hyperref Warning: Token not allowed in a PDF string (PDFDocEncoding):
(hyperref)                removing `\textstyle' on input line 555.


Package hyperref Warning: Token not allowed in a PDF string (PDFDocEncoding):
(hyperref)                removing `math shift' on input line 555.


Package hyperref Warning: Token not allowed in a PDF string (PDFDocEncoding):
(hyperref)                removing `\hbox' on input line 555.


Package hyperref Warning: Token not allowed in a PDF string (PDFDocEncoding):
(hyperref)                removing `math shift' on input line 555.


Package hyperref Warning: Token not allowed in a PDF string (PDFDocEncoding):
(hyperref)                removing `\mathsurround' on input line 555.


Package hyperref Warning: Token not allowed in a PDF string (PDFDocEncoding):
(hyperref)                removing `\z@' on input line 555.


Package hyperref Warning: Token not allowed in a PDF string (PDFDocEncoding):
(hyperref)                removing `\scriptstyle' on input line 555.


Package hyperref Warning: Token not allowed in a PDF string (PDFDocEncoding):
(hyperref)                removing `math shift' on input line 555.


Package hyperref Warning: Token not allowed in a PDF string (PDFDocEncoding):
(hyperref)                removing `\hbox' on input line 555.


Package hyperref Warning: Token not allowed in a PDF string (PDFDocEncoding):
(hyperref)                removing `math shift' on input line 555.


Package hyperref Warning: Token not allowed in a PDF string (PDFDocEncoding):
(hyperref)                removing `\mathsurround' on input line 555.


Package hyperref Warning: Token not allowed in a PDF string (PDFDocEncoding):
(hyperref)                removing `\z@' on input line 555.


Package hyperref Warning: Token not allowed in a PDF string (PDFDocEncoding):
(hyperref)                removing `\scriptscriptstyle' on input line 555.


Package hyperref Warning: Token not allowed in a PDF string (PDFDocEncoding):
(hyperref)                removing `math shift' on input line 555.


Package hyperref Warning: Token not allowed in a PDF string (PDFDocEncoding):
(hyperref)                removing `\endgroup' on input line 555.


Package hyperref Warning: Token not allowed in a PDF string (PDFDocEncoding):
(hyperref)                removing `math shift' on input line 555.


Package hyperref Warning: Token not allowed in a PDF string (PDFDocEncoding):
(hyperref)                removing `math shift' on input line 555.


Package hyperref Warning: Token not allowed in a PDF string (PDFDocEncoding):
(hyperref)                removing `\begingroup' on input line 555.


Package hyperref Warning: Token not allowed in a PDF string (PDFDocEncoding):
(hyperref)                removing `\<let>-command' on input line 555.


Package hyperref Warning: Token not allowed in a PDF string (PDFDocEncoding):
(hyperref)                removing `\@nomath' on input line 555.


Package hyperref Warning: Token not allowed in a PDF string (PDFDocEncoding):
(hyperref)                removing `\begingroup' on input line 555.


Package hyperref Warning: Token not allowed in a PDF string (PDFDocEncoding):
(hyperref)                removing `\setbox' on input line 555.


Package hyperref Warning: Token not allowed in a PDF string (PDFDocEncoding):
(hyperref)                removing `\z@' on input line 555.


Package hyperref Warning: Token not allowed in a PDF string (PDFDocEncoding):
(hyperref)                removing `\hbox' on input line 555.


Package hyperref Warning: Token not allowed in a PDF string (PDFDocEncoding):
(hyperref)                removing `\thinmuskip' on input line 555.


Package hyperref Warning: Token not allowed in a PDF string (PDFDocEncoding):
(hyperref)                removing `\medmuskip' on input line 555.


Package hyperref Warning: Token not allowed in a PDF string (PDFDocEncoding):
(hyperref)                removing `\m@ne' on input line 555.


Package hyperref Warning: Token not allowed in a PDF string (PDFDocEncoding):
(hyperref)                removing `\thickmuskip' on input line 555.


Package hyperref Warning: Token not allowed in a PDF string (PDFDocEncoding):
(hyperref)                removing `\@ne' on input line 555.


Package hyperref Warning: Token not allowed in a PDF string (PDFDocEncoding):
(hyperref)                removing `\setbox' on input line 555.


Package hyperref Warning: Token not allowed in a PDF string (PDFDocEncoding):
(hyperref)                removing `\tw@' on input line 555.


Package hyperref Warning: Token not allowed in a PDF string (PDFDocEncoding):
(hyperref)                removing `\hbox' on input line 555.


Package hyperref Warning: Token not allowed in a PDF string (PDFDocEncoding):
(hyperref)                removing `math shift' on input line 555.


Package hyperref Warning: Token not allowed in a PDF string (PDFDocEncoding):
(hyperref)                removing `\mathsurround' on input line 555.


Package hyperref Warning: Token not allowed in a PDF string (PDFDocEncoding):
(hyperref)                removing `\z@' on input line 555.


Package hyperref Warning: Token not allowed in a PDF string (PDFDocEncoding):
(hyperref)                removing `math shift' on input line 555.


Package hyperref Warning: Token not allowed in a PDF string (PDFDocEncoding):
(hyperref)                removing `math shift' on input line 555.


Package hyperref Warning: Token not allowed in a PDF string (PDFDocEncoding):
(hyperref)                removing `\mathsurround' on input line 555.


Package hyperref Warning: Token not allowed in a PDF string (PDFDocEncoding):
(hyperref)                removing `\z@' on input line 555.


Package hyperref Warning: Token not allowed in a PDF string (PDFDocEncoding):
(hyperref)                removing `math shift' on input line 555.


Package hyperref Warning: Token not allowed in a PDF string (PDFDocEncoding):
(hyperref)                removing `\<def>-command' on input line 555.


Package hyperref Warning: Token not allowed in a PDF string (PDFDocEncoding):
(hyperref)                removing `\@tempa' on input line 555.


Package hyperref Warning: Token not allowed in a PDF string (PDFDocEncoding):
(hyperref)                removing `\mathchoice' on input line 555.


Package hyperref Warning: Token not allowed in a PDF string (PDFDocEncoding):
(hyperref)                removing `\hbox' on input line 555.


Package hyperref Warning: Token not allowed in a PDF string (PDFDocEncoding):
(hyperref)                removing `math shift' on input line 555.


Package hyperref Warning: Token not allowed in a PDF string (PDFDocEncoding):
(hyperref)                removing `\mathsurround' on input line 555.


Package hyperref Warning: Token not allowed in a PDF string (PDFDocEncoding):
(hyperref)                removing `\z@' on input line 555.


Package hyperref Warning: Token not allowed in a PDF string (PDFDocEncoding):
(hyperref)                removing `\displaystyle' on input line 555.


Package hyperref Warning: Token not allowed in a PDF string (PDFDocEncoding):
(hyperref)                removing `math shift' on input line 555.


Package hyperref Warning: Token not allowed in a PDF string (PDFDocEncoding):
(hyperref)                removing `\hbox' on input line 555.


Package hyperref Warning: Token not allowed in a PDF string (PDFDocEncoding):
(hyperref)                removing `math shift' on input line 555.


Package hyperref Warning: Token not allowed in a PDF string (PDFDocEncoding):
(hyperref)                removing `\mathsurround' on input line 555.


Package hyperref Warning: Token not allowed in a PDF string (PDFDocEncoding):
(hyperref)                removing `\z@' on input line 555.


Package hyperref Warning: Token not allowed in a PDF string (PDFDocEncoding):
(hyperref)                removing `\textstyle' on input line 555.


Package hyperref Warning: Token not allowed in a PDF string (PDFDocEncoding):
(hyperref)                removing `math shift' on input line 555.


Package hyperref Warning: Token not allowed in a PDF string (PDFDocEncoding):
(hyperref)                removing `\hbox' on input line 555.


Package hyperref Warning: Token not allowed in a PDF string (PDFDocEncoding):
(hyperref)                removing `math shift' on input line 555.


Package hyperref Warning: Token not allowed in a PDF string (PDFDocEncoding):
(hyperref)                removing `\mathsurround' on input line 555.


Package hyperref Warning: Token not allowed in a PDF string (PDFDocEncoding):
(hyperref)                removing `\z@' on input line 555.


Package hyperref Warning: Token not allowed in a PDF string (PDFDocEncoding):
(hyperref)                removing `\scriptstyle' on input line 555.


Package hyperref Warning: Token not allowed in a PDF string (PDFDocEncoding):
(hyperref)                removing `math shift' on input line 555.


Package hyperref Warning: Token not allowed in a PDF string (PDFDocEncoding):
(hyperref)                removing `\hbox' on input line 555.


Package hyperref Warning: Token not allowed in a PDF string (PDFDocEncoding):
(hyperref)                removing `math shift' on input line 555.


Package hyperref Warning: Token not allowed in a PDF string (PDFDocEncoding):
(hyperref)                removing `\mathsurround' on input line 555.


Package hyperref Warning: Token not allowed in a PDF string (PDFDocEncoding):
(hyperref)                removing `\z@' on input line 555.


Package hyperref Warning: Token not allowed in a PDF string (PDFDocEncoding):
(hyperref)                removing `\scriptscriptstyle' on input line 555.


Package hyperref Warning: Token not allowed in a PDF string (PDFDocEncoding):
(hyperref)                removing `math shift' on input line 555.


Package hyperref Warning: Token not allowed in a PDF string (PDFDocEncoding):
(hyperref)                removing `\endgroup' on input line 555.


Package hyperref Warning: Token not allowed in a PDF string (PDFDocEncoding):
(hyperref)                removing `math shift' on input line 555.


Package hyperref Warning: Token not allowed in a PDF string (PDFDocEncoding):
(hyperref)                removing `math shift' on input line 555.


Package hyperref Warning: Token not allowed in a PDF string (PDFDocEncoding):
(hyperref)                removing `\begingroup' on input line 555.


Package hyperref Warning: Token not allowed in a PDF string (PDFDocEncoding):
(hyperref)                removing `\<let>-command' on input line 555.


Package hyperref Warning: Token not allowed in a PDF string (PDFDocEncoding):
(hyperref)                removing `\@nomath' on input line 555.


Package hyperref Warning: Token not allowed in a PDF string (PDFDocEncoding):
(hyperref)                removing `\begingroup' on input line 555.


Package hyperref Warning: Token not allowed in a PDF string (PDFDocEncoding):
(hyperref)                removing `\setbox' on input line 555.


Package hyperref Warning: Token not allowed in a PDF string (PDFDocEncoding):
(hyperref)                removing `\z@' on input line 555.


Package hyperref Warning: Token not allowed in a PDF string (PDFDocEncoding):
(hyperref)                removing `\hbox' on input line 555.


Package hyperref Warning: Token not allowed in a PDF string (PDFDocEncoding):
(hyperref)                removing `\thinmuskip' on input line 555.


Package hyperref Warning: Token not allowed in a PDF string (PDFDocEncoding):
(hyperref)                removing `\medmuskip' on input line 555.


Package hyperref Warning: Token not allowed in a PDF string (PDFDocEncoding):
(hyperref)                removing `\m@ne' on input line 555.


Package hyperref Warning: Token not allowed in a PDF string (PDFDocEncoding):
(hyperref)                removing `\thickmuskip' on input line 555.


Package hyperref Warning: Token not allowed in a PDF string (PDFDocEncoding):
(hyperref)                removing `\@ne' on input line 555.


Package hyperref Warning: Token not allowed in a PDF string (PDFDocEncoding):
(hyperref)                removing `\setbox' on input line 555.


Package hyperref Warning: Token not allowed in a PDF string (PDFDocEncoding):
(hyperref)                removing `\tw@' on input line 555.


Package hyperref Warning: Token not allowed in a PDF string (PDFDocEncoding):
(hyperref)                removing `\hbox' on input line 555.


Package hyperref Warning: Token not allowed in a PDF string (PDFDocEncoding):
(hyperref)                removing `math shift' on input line 555.


Package hyperref Warning: Token not allowed in a PDF string (PDFDocEncoding):
(hyperref)                removing `\mathsurround' on input line 555.


Package hyperref Warning: Token not allowed in a PDF string (PDFDocEncoding):
(hyperref)                removing `\z@' on input line 555.


Package hyperref Warning: Token not allowed in a PDF string (PDFDocEncoding):
(hyperref)                removing `math shift' on input line 555.


Package hyperref Warning: Token not allowed in a PDF string (PDFDocEncoding):
(hyperref)                removing `math shift' on input line 555.


Package hyperref Warning: Token not allowed in a PDF string (PDFDocEncoding):
(hyperref)                removing `\mathsurround' on input line 555.


Package hyperref Warning: Token not allowed in a PDF string (PDFDocEncoding):
(hyperref)                removing `\z@' on input line 555.


Package hyperref Warning: Token not allowed in a PDF string (PDFDocEncoding):
(hyperref)                removing `math shift' on input line 555.


Package hyperref Warning: Token not allowed in a PDF string (PDFDocEncoding):
(hyperref)                removing `\<def>-command' on input line 555.


Package hyperref Warning: Token not allowed in a PDF string (PDFDocEncoding):
(hyperref)                removing `\@tempa' on input line 555.


Package hyperref Warning: Token not allowed in a PDF string (PDFDocEncoding):
(hyperref)                removing `\mathchoice' on input line 555.


Package hyperref Warning: Token not allowed in a PDF string (PDFDocEncoding):
(hyperref)                removing `\hbox' on input line 555.


Package hyperref Warning: Token not allowed in a PDF string (PDFDocEncoding):
(hyperref)                removing `math shift' on input line 555.


Package hyperref Warning: Token not allowed in a PDF string (PDFDocEncoding):
(hyperref)                removing `\mathsurround' on input line 555.


Package hyperref Warning: Token not allowed in a PDF string (PDFDocEncoding):
(hyperref)                removing `\z@' on input line 555.


Package hyperref Warning: Token not allowed in a PDF string (PDFDocEncoding):
(hyperref)                removing `\displaystyle' on input line 555.


Package hyperref Warning: Token not allowed in a PDF string (PDFDocEncoding):
(hyperref)                removing `math shift' on input line 555.


Package hyperref Warning: Token not allowed in a PDF string (PDFDocEncoding):
(hyperref)                removing `\hbox' on input line 555.


Package hyperref Warning: Token not allowed in a PDF string (PDFDocEncoding):
(hyperref)                removing `math shift' on input line 555.


Package hyperref Warning: Token not allowed in a PDF string (PDFDocEncoding):
(hyperref)                removing `\mathsurround' on input line 555.


Package hyperref Warning: Token not allowed in a PDF string (PDFDocEncoding):
(hyperref)                removing `\z@' on input line 555.


Package hyperref Warning: Token not allowed in a PDF string (PDFDocEncoding):
(hyperref)                removing `\textstyle' on input line 555.


Package hyperref Warning: Token not allowed in a PDF string (PDFDocEncoding):
(hyperref)                removing `math shift' on input line 555.


Package hyperref Warning: Token not allowed in a PDF string (PDFDocEncoding):
(hyperref)                removing `\hbox' on input line 555.


Package hyperref Warning: Token not allowed in a PDF string (PDFDocEncoding):
(hyperref)                removing `math shift' on input line 555.


Package hyperref Warning: Token not allowed in a PDF string (PDFDocEncoding):
(hyperref)                removing `\mathsurround' on input line 555.


Package hyperref Warning: Token not allowed in a PDF string (PDFDocEncoding):
(hyperref)                removing `\z@' on input line 555.


Package hyperref Warning: Token not allowed in a PDF string (PDFDocEncoding):
(hyperref)                removing `\scriptstyle' on input line 555.


Package hyperref Warning: Token not allowed in a PDF string (PDFDocEncoding):
(hyperref)                removing `math shift' on input line 555.


Package hyperref Warning: Token not allowed in a PDF string (PDFDocEncoding):
(hyperref)                removing `\hbox' on input line 555.


Package hyperref Warning: Token not allowed in a PDF string (PDFDocEncoding):
(hyperref)                removing `math shift' on input line 555.


Package hyperref Warning: Token not allowed in a PDF string (PDFDocEncoding):
(hyperref)                removing `\mathsurround' on input line 555.


Package hyperref Warning: Token not allowed in a PDF string (PDFDocEncoding):
(hyperref)                removing `\z@' on input line 555.


Package hyperref Warning: Token not allowed in a PDF string (PDFDocEncoding):
(hyperref)                removing `\scriptscriptstyle' on input line 555.


Package hyperref Warning: Token not allowed in a PDF string (PDFDocEncoding):
(hyperref)                removing `math shift' on input line 555.


Package hyperref Warning: Token not allowed in a PDF string (PDFDocEncoding):
(hyperref)                removing `\endgroup' on input line 555.


Package hyperref Warning: Token not allowed in a PDF string (PDFDocEncoding):
(hyperref)                removing `math shift' on input line 555.


Underfull \hbox (badness 10000) in paragraph at lines 556--557

 []


Underfull \hbox (badness 10000) in paragraph at lines 558--559

 []

[127]
Underfull \hbox (badness 10000) in paragraph at lines 563--565

 []


Underfull \hbox (badness 10000) in paragraph at lines 566--567

 []

) [128]
\openout2 = `chapters/Lecture11.aux'.

 (chapters/Lecture11.tex
Chapter 11.

Package hyperref Warning: Difference (2) between bookmark levels is greater 
(hyperref)                than one, level fixed on input line 4.


Underfull \hbox (badness 10000) in paragraph at lines 5--6

 []


Underfull \hbox (badness 10000) in paragraph at lines 11--13

 []


Underfull \hbox (badness 10000) in paragraph at lines 20--22

 []

[129



]
Underfull \hbox (badness 10000) in paragraph at lines 23--24

 []


Underfull \hbox (badness 10000) in paragraph at lines 25--26

 []

[130]
Underfull \hbox (badness 10000) in paragraph at lines 78--79

 []


Underfull \hbox (badness 10000) in paragraph at lines 80--81

 []


Underfull \hbox (badness 10000) in paragraph at lines 82--83

 []

[131]
Underfull \hbox (badness 10000) in paragraph at lines 87--88

 []


Underfull \hbox (badness 10000) in paragraph at lines 108--109

 []

[132]
Underfull \hbox (badness 10000) in paragraph at lines 129--130

 []


Underfull \hbox (badness 10000) in paragraph at lines 166--168

 []


Underfull \hbox (badness 10000) in paragraph at lines 180--181

 []

[133]
Underfull \hbox (badness 10000) in paragraph at lines 182--184

 []


Package hyperref Warning: Token not allowed in a PDF string (PDFDocEncoding):
(hyperref)                removing `math shift' on input line 198.


Package hyperref Warning: Token not allowed in a PDF string (PDFDocEncoding):
(hyperref)                removing `\begingroup' on input line 198.


Package hyperref Warning: Token not allowed in a PDF string (PDFDocEncoding):
(hyperref)                removing `\<let>-command' on input line 198.


Package hyperref Warning: Token not allowed in a PDF string (PDFDocEncoding):
(hyperref)                removing `\@nomath' on input line 198.


Package hyperref Warning: Token not allowed in a PDF string (PDFDocEncoding):
(hyperref)                removing `\begingroup' on input line 198.


Package hyperref Warning: Token not allowed in a PDF string (PDFDocEncoding):
(hyperref)                removing `\setbox' on input line 198.


Package hyperref Warning: Token not allowed in a PDF string (PDFDocEncoding):
(hyperref)                removing `\z@' on input line 198.


Package hyperref Warning: Token not allowed in a PDF string (PDFDocEncoding):
(hyperref)                removing `\hbox' on input line 198.


Package hyperref Warning: Token not allowed in a PDF string (PDFDocEncoding):
(hyperref)                removing `\thinmuskip' on input line 198.


Package hyperref Warning: Token not allowed in a PDF string (PDFDocEncoding):
(hyperref)                removing `\medmuskip' on input line 198.


Package hyperref Warning: Token not allowed in a PDF string (PDFDocEncoding):
(hyperref)                removing `\m@ne' on input line 198.


Package hyperref Warning: Token not allowed in a PDF string (PDFDocEncoding):
(hyperref)                removing `\thickmuskip' on input line 198.


Package hyperref Warning: Token not allowed in a PDF string (PDFDocEncoding):
(hyperref)                removing `\@ne' on input line 198.


Package hyperref Warning: Token not allowed in a PDF string (PDFDocEncoding):
(hyperref)                removing `\setbox' on input line 198.


Package hyperref Warning: Token not allowed in a PDF string (PDFDocEncoding):
(hyperref)                removing `\tw@' on input line 198.


Package hyperref Warning: Token not allowed in a PDF string (PDFDocEncoding):
(hyperref)                removing `\hbox' on input line 198.


Package hyperref Warning: Token not allowed in a PDF string (PDFDocEncoding):
(hyperref)                removing `math shift' on input line 198.


Package hyperref Warning: Token not allowed in a PDF string (PDFDocEncoding):
(hyperref)                removing `\mathsurround' on input line 198.


Package hyperref Warning: Token not allowed in a PDF string (PDFDocEncoding):
(hyperref)                removing `\z@' on input line 198.


Package hyperref Warning: Token not allowed in a PDF string (PDFDocEncoding):
(hyperref)                removing `math shift' on input line 198.


Package hyperref Warning: Token not allowed in a PDF string (PDFDocEncoding):
(hyperref)                removing `math shift' on input line 198.


Package hyperref Warning: Token not allowed in a PDF string (PDFDocEncoding):
(hyperref)                removing `\mathsurround' on input line 198.


Package hyperref Warning: Token not allowed in a PDF string (PDFDocEncoding):
(hyperref)                removing `\z@' on input line 198.


Package hyperref Warning: Token not allowed in a PDF string (PDFDocEncoding):
(hyperref)                removing `math shift' on input line 198.


Package hyperref Warning: Token not allowed in a PDF string (PDFDocEncoding):
(hyperref)                removing `\<def>-command' on input line 198.


Package hyperref Warning: Token not allowed in a PDF string (PDFDocEncoding):
(hyperref)                removing `\@tempa' on input line 198.


Package hyperref Warning: Token not allowed in a PDF string (PDFDocEncoding):
(hyperref)                removing `\mathchoice' on input line 198.


Package hyperref Warning: Token not allowed in a PDF string (PDFDocEncoding):
(hyperref)                removing `\hbox' on input line 198.


Package hyperref Warning: Token not allowed in a PDF string (PDFDocEncoding):
(hyperref)                removing `math shift' on input line 198.


Package hyperref Warning: Token not allowed in a PDF string (PDFDocEncoding):
(hyperref)                removing `\mathsurround' on input line 198.


Package hyperref Warning: Token not allowed in a PDF string (PDFDocEncoding):
(hyperref)                removing `\z@' on input line 198.


Package hyperref Warning: Token not allowed in a PDF string (PDFDocEncoding):
(hyperref)                removing `\displaystyle' on input line 198.


Package hyperref Warning: Token not allowed in a PDF string (PDFDocEncoding):
(hyperref)                removing `math shift' on input line 198.


Package hyperref Warning: Token not allowed in a PDF string (PDFDocEncoding):
(hyperref)                removing `\hbox' on input line 198.


Package hyperref Warning: Token not allowed in a PDF string (PDFDocEncoding):
(hyperref)                removing `math shift' on input line 198.


Package hyperref Warning: Token not allowed in a PDF string (PDFDocEncoding):
(hyperref)                removing `\mathsurround' on input line 198.


Package hyperref Warning: Token not allowed in a PDF string (PDFDocEncoding):
(hyperref)                removing `\z@' on input line 198.


Package hyperref Warning: Token not allowed in a PDF string (PDFDocEncoding):
(hyperref)                removing `\textstyle' on input line 198.


Package hyperref Warning: Token not allowed in a PDF string (PDFDocEncoding):
(hyperref)                removing `math shift' on input line 198.


Package hyperref Warning: Token not allowed in a PDF string (PDFDocEncoding):
(hyperref)                removing `\hbox' on input line 198.


Package hyperref Warning: Token not allowed in a PDF string (PDFDocEncoding):
(hyperref)                removing `math shift' on input line 198.


Package hyperref Warning: Token not allowed in a PDF string (PDFDocEncoding):
(hyperref)                removing `\mathsurround' on input line 198.


Package hyperref Warning: Token not allowed in a PDF string (PDFDocEncoding):
(hyperref)                removing `\z@' on input line 198.


Package hyperref Warning: Token not allowed in a PDF string (PDFDocEncoding):
(hyperref)                removing `\scriptstyle' on input line 198.


Package hyperref Warning: Token not allowed in a PDF string (PDFDocEncoding):
(hyperref)                removing `math shift' on input line 198.


Package hyperref Warning: Token not allowed in a PDF string (PDFDocEncoding):
(hyperref)                removing `\hbox' on input line 198.


Package hyperref Warning: Token not allowed in a PDF string (PDFDocEncoding):
(hyperref)                removing `math shift' on input line 198.


Package hyperref Warning: Token not allowed in a PDF string (PDFDocEncoding):
(hyperref)                removing `\mathsurround' on input line 198.


Package hyperref Warning: Token not allowed in a PDF string (PDFDocEncoding):
(hyperref)                removing `\z@' on input line 198.


Package hyperref Warning: Token not allowed in a PDF string (PDFDocEncoding):
(hyperref)                removing `\scriptscriptstyle' on input line 198.


Package hyperref Warning: Token not allowed in a PDF string (PDFDocEncoding):
(hyperref)                removing `math shift' on input line 198.


Package hyperref Warning: Token not allowed in a PDF string (PDFDocEncoding):
(hyperref)                removing `\endgroup' on input line 198.


Package hyperref Warning: Token not allowed in a PDF string (PDFDocEncoding):
(hyperref)                removing `math shift' on input line 198.


Underfull \hbox (badness 10000) in paragraph at lines 199--200

 []

[134]
Underfull \hbox (badness 10000) in paragraph at lines 237--239

 []


Overfull \hbox (2.77751pt too wide) in paragraph at lines 242--242
[]\OT1/cmr/bx/n/17.28 Relationship be-tween Hypergeom($\OML/cmm/m/it/17.28 N; M
; n$\OT1/cmr/bx/n/17.28 ) and
 []


Package hyperref Warning: Token not allowed in a PDF string (PDFDocEncoding):
(hyperref)                removing `math shift' on input line 242.


Package hyperref Warning: Token not allowed in a PDF string (PDFDocEncoding):
(hyperref)                removing `math shift' on input line 242.


Package hyperref Warning: Token not allowed in a PDF string (PDFDocEncoding):
(hyperref)                removing `math shift' on input line 242.


Package hyperref Warning: Token not allowed in a PDF string (PDFDocEncoding):
(hyperref)                removing `math shift' on input line 242.


Underfull \hbox (badness 10000) in paragraph at lines 243--244

 []

[135]
Underfull \hbox (badness 10000) in paragraph at lines 245--246

 []

[136]
Underfull \hbox (badness 10000) in paragraph at lines 279--281

 []

[137]
Underfull \hbox (badness 10000) in paragraph at lines 299--300

 []


Underfull \hbox (badness 10000) in paragraph at lines 301--302

 []


Underfull \hbox (badness 10000) in paragraph at lines 315--316

 []

[138]
Underfull \hbox (badness 10000) in paragraph at lines 317--318

 []


Underfull \hbox (badness 10000) in paragraph at lines 319--320

 []


Underfull \hbox (badness 10000) in paragraph at lines 321--322

 []


Underfull \hbox (badness 10000) in paragraph at lines 335--336

 []


Underfull \hbox (badness 10000) in paragraph at lines 337--339

 []

[139]
Underfull \hbox (badness 10000) in paragraph at lines 348--350

 []

) [140]
\openout2 = `chapters/Lecture12.aux'.

 (chapters/Lecture12.tex
Chapter 12.

Package hyperref Warning: Difference (2) between bookmark levels is greater 
(hyperref)                than one, level fixed on input line 3.


Underfull \hbox (badness 10000) in paragraph at lines 45--46

 []

[141



] [142]
Underfull \hbox (badness 10000) in paragraph at lines 132--133

 []

[143]
Underfull \hbox (badness 10000) in paragraph at lines 148--149

 []


Underfull \hbox (badness 10000) in paragraph at lines 150--151

 []


Underfull \hbox (badness 10000) in paragraph at lines 152--153

 []


Overfull \hbox (15.19484pt too wide) in paragraph at lines 170--171
 [] 
 []

[144]
Underfull \hbox (badness 10000) in paragraph at lines 191--192

 []


Underfull \hbox (badness 10000) in paragraph at lines 193--194

 []

Missing character: There is no ; in font nullfont!
[145]
Underfull \hbox (badness 10000) in paragraph at lines 280--281

 []

[146]
Underfull \hbox (badness 10000) in paragraph at lines 306--307

 []


Underfull \hbox (badness 10000) in paragraph at lines 313--314

 []


Underfull \hbox (badness 10000) in paragraph at lines 331--332

 []


Underfull \hbox (badness 10000) in paragraph at lines 333--334

 []

[147]
Underfull \hbox (badness 10000) in paragraph at lines 344--346

 []


Underfull \hbox (badness 10000) in paragraph at lines 356--358

 []


Underfull \hbox (badness 10000) in paragraph at lines 362--363

 []

[148]
Underfull \hbox (badness 10000) in paragraph at lines 389--390

 []


Underfull \hbox (badness 10000) in paragraph at lines 415--416

 []


Underfull \hbox (badness 10000) in paragraph at lines 422--423

 []

[149]
Underfull \hbox (badness 10000) in paragraph at lines 425--426

 []


Underfull \hbox (badness 10000) in paragraph at lines 446--448

 []


Underfull \hbox (badness 10000) in paragraph at lines 461--463

 []

[150]
Underfull \hbox (badness 10000) in paragraph at lines 471--473

 []


Underfull \hbox (badness 10000) in paragraph at lines 477--478

 []


Underfull \hbox (badness 10000) in paragraph at lines 479--480

 []

[151] [152]
Underfull \hbox (badness 10000) in paragraph at lines 559--560

 []


Underfull \hbox (badness 10000) in paragraph at lines 562--563

 []


Underfull \hbox (badness 10000) in paragraph at lines 568--569

 []

[153] [154]
Underfull \hbox (badness 10000) in paragraph at lines 613--615

 []


Underfull \hbox (badness 10000) in paragraph at lines 627--629

 []


Underfull \hbox (badness 10000) in paragraph at lines 637--639

 []


Underfull \hbox (badness 10000) in paragraph at lines 640--641

 []


Underfull \hbox (badness 10000) in paragraph at lines 642--643

 []

[155] [156]
Underfull \hbox (badness 10000) in paragraph at lines 721--722

 []

[157]
Underfull \hbox (badness 10000) in paragraph at lines 767--768

 []


Underfull \hbox (badness 10000) in paragraph at lines 772--773

 []

[158]
Underfull \hbox (badness 10000) in paragraph at lines 786--787

 []


Underfull \hbox (badness 10000) in paragraph at lines 798--799

 []


Underfull \hbox (badness 10000) in paragraph at lines 800--801

 []

[159]
Underfull \hbox (badness 10000) in paragraph at lines 829--831

 []

[160]) [161]
\openout2 = `chapters/Lecture13.aux'.

 (chapters/Lecture13.tex
Chapter 13.

Underfull \hbox (badness 10000) in paragraph at lines 2--3

 []


Underfull \hbox (badness 10000) in paragraph at lines 4--5

 []


Underfull \hbox (badness 10000) in paragraph at lines 8--9

 []


Underfull \hbox (badness 10000) in paragraph at lines 27--28

 []

[162



] [163]

Package hyperref Warning: Difference (2) between bookmark levels is greater 
(hyperref)                than one, level fixed on input line 130.


Underfull \hbox (badness 10000) in paragraph at lines 131--132

 []

[164] [165]
Underfull \hbox (badness 10000) in paragraph at lines 244--245

 []


Underfull \hbox (badness 10000) in paragraph at lines 262--263

 []

[166]
Underfull \hbox (badness 10000) in paragraph at lines 264--265

 []


Underfull \hbox (badness 10000) in paragraph at lines 283--284

 []

[167]
Underfull \hbox (badness 10000) in paragraph at lines 317--318

 []


Underfull \hbox (badness 10000) in paragraph at lines 319--320

 []


Underfull \hbox (badness 10000) in paragraph at lines 321--322

 []


Underfull \hbox (badness 10000) in paragraph at lines 323--324

 []

[168]
Underfull \hbox (badness 10000) in paragraph at lines 344--345

 []


Underfull \hbox (badness 10000) in paragraph at lines 346--347

 []


Underfull \hbox (badness 10000) in paragraph at lines 370--371

 []

[169]
Underfull \hbox (badness 10000) in paragraph at lines 392--393

 []


Overfull \hbox (5.40918pt too wide) in paragraph at lines 394--395
\OT1/cmr/m/n/12 Since $\OML/cmm/m/it/12 x[]$ \OT1/cmr/m/n/12 is a power func-ti
on, we will as-sume the an-tideriva-tive is of the form $\OMS/cmsy/m/n/12 F\OT1
/cmr/m/n/12 (\OML/cmm/m/it/12 x\OT1/cmr/m/n/12 ) [] =  []\OML/cmm/m/it/12 ax[]$
\OT1/cmr/m/n/12 ,
 []

[170]
Underfull \hbox (badness 10000) in paragraph at lines 474--475

 []

[171]
Underfull \hbox (badness 10000) in paragraph at lines 533--534

 []


Underfull \hbox (badness 10000) in paragraph at lines 540--541

 []


Underfull \hbox (badness 10000) in paragraph at lines 547--548

 []

[172]
Underfull \hbox (badness 10000) in paragraph at lines 564--566

 []


Underfull \hbox (badness 10000) in paragraph at lines 586--587

 []

[173]
Underfull \hbox (badness 10000) in paragraph at lines 598--599

 []


Underfull \hbox (badness 10000) in paragraph at lines 605--606

 []

[174] [175]) [176]
\openout2 = `chapters/Lecture14.aux'.

 (chapters/Lecture14.tex
Chapter 14.

Underfull \hbox (badness 10000) in paragraph at lines 3--4

 []


Underfull \hbox (badness 10000) in paragraph at lines 5--6

 []


Underfull \hbox (badness 10000) in paragraph at lines 7--8

 []


Underfull \hbox (badness 10000) in paragraph at lines 25--26

 []

[177



]
Underfull \hbox (badness 10000) in paragraph at lines 47--48

 []


Package hyperref Warning: Token not allowed in a PDF string (PDFDocEncoding):
(hyperref)                removing `math shift' on input line 66.


Package hyperref Warning: Token not allowed in a PDF string (PDFDocEncoding):
(hyperref)                removing `\begingroup' on input line 66.


Package hyperref Warning: Token not allowed in a PDF string (PDFDocEncoding):
(hyperref)                removing `\<let>-command' on input line 66.


Package hyperref Warning: Token not allowed in a PDF string (PDFDocEncoding):
(hyperref)                removing `\@nomath' on input line 66.


Package hyperref Warning: Token not allowed in a PDF string (PDFDocEncoding):
(hyperref)                removing `\begingroup' on input line 66.


Package hyperref Warning: Token not allowed in a PDF string (PDFDocEncoding):
(hyperref)                removing `\setbox' on input line 66.


Package hyperref Warning: Token not allowed in a PDF string (PDFDocEncoding):
(hyperref)                removing `\z@' on input line 66.


Package hyperref Warning: Token not allowed in a PDF string (PDFDocEncoding):
(hyperref)                removing `\hbox' on input line 66.


Package hyperref Warning: Token not allowed in a PDF string (PDFDocEncoding):
(hyperref)                removing `\thinmuskip' on input line 66.


Package hyperref Warning: Token not allowed in a PDF string (PDFDocEncoding):
(hyperref)                removing `\medmuskip' on input line 66.


Package hyperref Warning: Token not allowed in a PDF string (PDFDocEncoding):
(hyperref)                removing `\m@ne' on input line 66.


Package hyperref Warning: Token not allowed in a PDF string (PDFDocEncoding):
(hyperref)                removing `\thickmuskip' on input line 66.


Package hyperref Warning: Token not allowed in a PDF string (PDFDocEncoding):
(hyperref)                removing `\@ne' on input line 66.


Package hyperref Warning: Token not allowed in a PDF string (PDFDocEncoding):
(hyperref)                removing `\setbox' on input line 66.


Package hyperref Warning: Token not allowed in a PDF string (PDFDocEncoding):
(hyperref)                removing `\tw@' on input line 66.


Package hyperref Warning: Token not allowed in a PDF string (PDFDocEncoding):
(hyperref)                removing `\hbox' on input line 66.


Package hyperref Warning: Token not allowed in a PDF string (PDFDocEncoding):
(hyperref)                removing `math shift' on input line 66.


Package hyperref Warning: Token not allowed in a PDF string (PDFDocEncoding):
(hyperref)                removing `\mathsurround' on input line 66.


Package hyperref Warning: Token not allowed in a PDF string (PDFDocEncoding):
(hyperref)                removing `\z@' on input line 66.


Package hyperref Warning: Token not allowed in a PDF string (PDFDocEncoding):
(hyperref)                removing `math shift' on input line 66.


Package hyperref Warning: Token not allowed in a PDF string (PDFDocEncoding):
(hyperref)                removing `math shift' on input line 66.


Package hyperref Warning: Token not allowed in a PDF string (PDFDocEncoding):
(hyperref)                removing `\mathsurround' on input line 66.


Package hyperref Warning: Token not allowed in a PDF string (PDFDocEncoding):
(hyperref)                removing `\z@' on input line 66.


Package hyperref Warning: Token not allowed in a PDF string (PDFDocEncoding):
(hyperref)                removing `math shift' on input line 66.


Package hyperref Warning: Token not allowed in a PDF string (PDFDocEncoding):
(hyperref)                removing `\<def>-command' on input line 66.


Package hyperref Warning: Token not allowed in a PDF string (PDFDocEncoding):
(hyperref)                removing `\@tempa' on input line 66.


Package hyperref Warning: Token not allowed in a PDF string (PDFDocEncoding):
(hyperref)                removing `\mathchoice' on input line 66.


Package hyperref Warning: Token not allowed in a PDF string (PDFDocEncoding):
(hyperref)                removing `\hbox' on input line 66.


Package hyperref Warning: Token not allowed in a PDF string (PDFDocEncoding):
(hyperref)                removing `math shift' on input line 66.


Package hyperref Warning: Token not allowed in a PDF string (PDFDocEncoding):
(hyperref)                removing `\mathsurround' on input line 66.


Package hyperref Warning: Token not allowed in a PDF string (PDFDocEncoding):
(hyperref)                removing `\z@' on input line 66.


Package hyperref Warning: Token not allowed in a PDF string (PDFDocEncoding):
(hyperref)                removing `\displaystyle' on input line 66.


Package hyperref Warning: Token not allowed in a PDF string (PDFDocEncoding):
(hyperref)                removing `math shift' on input line 66.


Package hyperref Warning: Token not allowed in a PDF string (PDFDocEncoding):
(hyperref)                removing `\hbox' on input line 66.


Package hyperref Warning: Token not allowed in a PDF string (PDFDocEncoding):
(hyperref)                removing `math shift' on input line 66.


Package hyperref Warning: Token not allowed in a PDF string (PDFDocEncoding):
(hyperref)                removing `\mathsurround' on input line 66.


Package hyperref Warning: Token not allowed in a PDF string (PDFDocEncoding):
(hyperref)                removing `\z@' on input line 66.


Package hyperref Warning: Token not allowed in a PDF string (PDFDocEncoding):
(hyperref)                removing `\textstyle' on input line 66.


Package hyperref Warning: Token not allowed in a PDF string (PDFDocEncoding):
(hyperref)                removing `math shift' on input line 66.


Package hyperref Warning: Token not allowed in a PDF string (PDFDocEncoding):
(hyperref)                removing `\hbox' on input line 66.


Package hyperref Warning: Token not allowed in a PDF string (PDFDocEncoding):
(hyperref)                removing `math shift' on input line 66.


Package hyperref Warning: Token not allowed in a PDF string (PDFDocEncoding):
(hyperref)                removing `\mathsurround' on input line 66.


Package hyperref Warning: Token not allowed in a PDF string (PDFDocEncoding):
(hyperref)                removing `\z@' on input line 66.


Package hyperref Warning: Token not allowed in a PDF string (PDFDocEncoding):
(hyperref)                removing `\scriptstyle' on input line 66.


Package hyperref Warning: Token not allowed in a PDF string (PDFDocEncoding):
(hyperref)                removing `math shift' on input line 66.


Package hyperref Warning: Token not allowed in a PDF string (PDFDocEncoding):
(hyperref)                removing `\hbox' on input line 66.


Package hyperref Warning: Token not allowed in a PDF string (PDFDocEncoding):
(hyperref)                removing `math shift' on input line 66.


Package hyperref Warning: Token not allowed in a PDF string (PDFDocEncoding):
(hyperref)                removing `\mathsurround' on input line 66.


Package hyperref Warning: Token not allowed in a PDF string (PDFDocEncoding):
(hyperref)                removing `\z@' on input line 66.


Package hyperref Warning: Token not allowed in a PDF string (PDFDocEncoding):
(hyperref)                removing `\scriptscriptstyle' on input line 66.


Package hyperref Warning: Token not allowed in a PDF string (PDFDocEncoding):
(hyperref)                removing `math shift' on input line 66.


Package hyperref Warning: Token not allowed in a PDF string (PDFDocEncoding):
(hyperref)                removing `\endgroup' on input line 66.


Package hyperref Warning: Token not allowed in a PDF string (PDFDocEncoding):
(hyperref)                removing `math shift' on input line 66.


Underfull \hbox (badness 10000) in paragraph at lines 67--68

 []

[178]

Package hyperref Warning: Token not allowed in a PDF string (PDFDocEncoding):
(hyperref)                removing `math shift' on input line 81.


Package hyperref Warning: Token not allowed in a PDF string (PDFDocEncoding):
(hyperref)                removing `\begingroup' on input line 81.


Package hyperref Warning: Token not allowed in a PDF string (PDFDocEncoding):
(hyperref)                removing `\<let>-command' on input line 81.


Package hyperref Warning: Token not allowed in a PDF string (PDFDocEncoding):
(hyperref)                removing `\@nomath' on input line 81.


Package hyperref Warning: Token not allowed in a PDF string (PDFDocEncoding):
(hyperref)                removing `\begingroup' on input line 81.


Package hyperref Warning: Token not allowed in a PDF string (PDFDocEncoding):
(hyperref)                removing `\setbox' on input line 81.


Package hyperref Warning: Token not allowed in a PDF string (PDFDocEncoding):
(hyperref)                removing `\z@' on input line 81.


Package hyperref Warning: Token not allowed in a PDF string (PDFDocEncoding):
(hyperref)                removing `\hbox' on input line 81.


Package hyperref Warning: Token not allowed in a PDF string (PDFDocEncoding):
(hyperref)                removing `\thinmuskip' on input line 81.


Package hyperref Warning: Token not allowed in a PDF string (PDFDocEncoding):
(hyperref)                removing `\medmuskip' on input line 81.


Package hyperref Warning: Token not allowed in a PDF string (PDFDocEncoding):
(hyperref)                removing `\m@ne' on input line 81.


Package hyperref Warning: Token not allowed in a PDF string (PDFDocEncoding):
(hyperref)                removing `\thickmuskip' on input line 81.


Package hyperref Warning: Token not allowed in a PDF string (PDFDocEncoding):
(hyperref)                removing `\@ne' on input line 81.


Package hyperref Warning: Token not allowed in a PDF string (PDFDocEncoding):
(hyperref)                removing `\setbox' on input line 81.


Package hyperref Warning: Token not allowed in a PDF string (PDFDocEncoding):
(hyperref)                removing `\tw@' on input line 81.


Package hyperref Warning: Token not allowed in a PDF string (PDFDocEncoding):
(hyperref)                removing `\hbox' on input line 81.


Package hyperref Warning: Token not allowed in a PDF string (PDFDocEncoding):
(hyperref)                removing `math shift' on input line 81.


Package hyperref Warning: Token not allowed in a PDF string (PDFDocEncoding):
(hyperref)                removing `\mathsurround' on input line 81.


Package hyperref Warning: Token not allowed in a PDF string (PDFDocEncoding):
(hyperref)                removing `\z@' on input line 81.


Package hyperref Warning: Token not allowed in a PDF string (PDFDocEncoding):
(hyperref)                removing `math shift' on input line 81.


Package hyperref Warning: Token not allowed in a PDF string (PDFDocEncoding):
(hyperref)                removing `math shift' on input line 81.


Package hyperref Warning: Token not allowed in a PDF string (PDFDocEncoding):
(hyperref)                removing `\mathsurround' on input line 81.


Package hyperref Warning: Token not allowed in a PDF string (PDFDocEncoding):
(hyperref)                removing `\z@' on input line 81.


Package hyperref Warning: Token not allowed in a PDF string (PDFDocEncoding):
(hyperref)                removing `math shift' on input line 81.


Package hyperref Warning: Token not allowed in a PDF string (PDFDocEncoding):
(hyperref)                removing `\<def>-command' on input line 81.


Package hyperref Warning: Token not allowed in a PDF string (PDFDocEncoding):
(hyperref)                removing `\@tempa' on input line 81.


Package hyperref Warning: Token not allowed in a PDF string (PDFDocEncoding):
(hyperref)                removing `\mathchoice' on input line 81.


Package hyperref Warning: Token not allowed in a PDF string (PDFDocEncoding):
(hyperref)                removing `\hbox' on input line 81.


Package hyperref Warning: Token not allowed in a PDF string (PDFDocEncoding):
(hyperref)                removing `math shift' on input line 81.


Package hyperref Warning: Token not allowed in a PDF string (PDFDocEncoding):
(hyperref)                removing `\mathsurround' on input line 81.


Package hyperref Warning: Token not allowed in a PDF string (PDFDocEncoding):
(hyperref)                removing `\z@' on input line 81.


Package hyperref Warning: Token not allowed in a PDF string (PDFDocEncoding):
(hyperref)                removing `\displaystyle' on input line 81.


Package hyperref Warning: Token not allowed in a PDF string (PDFDocEncoding):
(hyperref)                removing `math shift' on input line 81.


Package hyperref Warning: Token not allowed in a PDF string (PDFDocEncoding):
(hyperref)                removing `\hbox' on input line 81.


Package hyperref Warning: Token not allowed in a PDF string (PDFDocEncoding):
(hyperref)                removing `math shift' on input line 81.


Package hyperref Warning: Token not allowed in a PDF string (PDFDocEncoding):
(hyperref)                removing `\mathsurround' on input line 81.


Package hyperref Warning: Token not allowed in a PDF string (PDFDocEncoding):
(hyperref)                removing `\z@' on input line 81.


Package hyperref Warning: Token not allowed in a PDF string (PDFDocEncoding):
(hyperref)                removing `\textstyle' on input line 81.


Package hyperref Warning: Token not allowed in a PDF string (PDFDocEncoding):
(hyperref)                removing `math shift' on input line 81.


Package hyperref Warning: Token not allowed in a PDF string (PDFDocEncoding):
(hyperref)                removing `\hbox' on input line 81.


Package hyperref Warning: Token not allowed in a PDF string (PDFDocEncoding):
(hyperref)                removing `math shift' on input line 81.


Package hyperref Warning: Token not allowed in a PDF string (PDFDocEncoding):
(hyperref)                removing `\mathsurround' on input line 81.


Package hyperref Warning: Token not allowed in a PDF string (PDFDocEncoding):
(hyperref)                removing `\z@' on input line 81.


Package hyperref Warning: Token not allowed in a PDF string (PDFDocEncoding):
(hyperref)                removing `\scriptstyle' on input line 81.


Package hyperref Warning: Token not allowed in a PDF string (PDFDocEncoding):
(hyperref)                removing `math shift' on input line 81.


Package hyperref Warning: Token not allowed in a PDF string (PDFDocEncoding):
(hyperref)                removing `\hbox' on input line 81.


Package hyperref Warning: Token not allowed in a PDF string (PDFDocEncoding):
(hyperref)                removing `math shift' on input line 81.


Package hyperref Warning: Token not allowed in a PDF string (PDFDocEncoding):
(hyperref)                removing `\mathsurround' on input line 81.


Package hyperref Warning: Token not allowed in a PDF string (PDFDocEncoding):
(hyperref)                removing `\z@' on input line 81.


Package hyperref Warning: Token not allowed in a PDF string (PDFDocEncoding):
(hyperref)                removing `\scriptscriptstyle' on input line 81.


Package hyperref Warning: Token not allowed in a PDF string (PDFDocEncoding):
(hyperref)                removing `math shift' on input line 81.


Package hyperref Warning: Token not allowed in a PDF string (PDFDocEncoding):
(hyperref)                removing `\endgroup' on input line 81.


Package hyperref Warning: Token not allowed in a PDF string (PDFDocEncoding):
(hyperref)                removing `math shift' on input line 81.

[179]
Underfull \hbox (badness 10000) in paragraph at lines 99--100

 []

[180]
Underfull \hbox (badness 10000) in paragraph at lines 129--130

 []


Underfull \hbox (badness 10000) in paragraph at lines 131--132

 []


Underfull \hbox (badness 10000) in paragraph at lines 155--156

 []

[181]

Package hyperref Warning: Token not allowed in a PDF string (PDFDocEncoding):
(hyperref)                removing `math shift' on input line 164.


Package hyperref Warning: Token not allowed in a PDF string (PDFDocEncoding):
(hyperref)                removing `\begingroup' on input line 164.


Package hyperref Warning: Token not allowed in a PDF string (PDFDocEncoding):
(hyperref)                removing `\<let>-command' on input line 164.


Package hyperref Warning: Token not allowed in a PDF string (PDFDocEncoding):
(hyperref)                removing `\@nomath' on input line 164.


Package hyperref Warning: Token not allowed in a PDF string (PDFDocEncoding):
(hyperref)                removing `\begingroup' on input line 164.


Package hyperref Warning: Token not allowed in a PDF string (PDFDocEncoding):
(hyperref)                removing `\setbox' on input line 164.


Package hyperref Warning: Token not allowed in a PDF string (PDFDocEncoding):
(hyperref)                removing `\z@' on input line 164.


Package hyperref Warning: Token not allowed in a PDF string (PDFDocEncoding):
(hyperref)                removing `\hbox' on input line 164.


Package hyperref Warning: Token not allowed in a PDF string (PDFDocEncoding):
(hyperref)                removing `\thinmuskip' on input line 164.


Package hyperref Warning: Token not allowed in a PDF string (PDFDocEncoding):
(hyperref)                removing `\medmuskip' on input line 164.


Package hyperref Warning: Token not allowed in a PDF string (PDFDocEncoding):
(hyperref)                removing `\m@ne' on input line 164.


Package hyperref Warning: Token not allowed in a PDF string (PDFDocEncoding):
(hyperref)                removing `\thickmuskip' on input line 164.


Package hyperref Warning: Token not allowed in a PDF string (PDFDocEncoding):
(hyperref)                removing `\@ne' on input line 164.


Package hyperref Warning: Token not allowed in a PDF string (PDFDocEncoding):
(hyperref)                removing `\setbox' on input line 164.


Package hyperref Warning: Token not allowed in a PDF string (PDFDocEncoding):
(hyperref)                removing `\tw@' on input line 164.


Package hyperref Warning: Token not allowed in a PDF string (PDFDocEncoding):
(hyperref)                removing `\hbox' on input line 164.


Package hyperref Warning: Token not allowed in a PDF string (PDFDocEncoding):
(hyperref)                removing `math shift' on input line 164.


Package hyperref Warning: Token not allowed in a PDF string (PDFDocEncoding):
(hyperref)                removing `\lambda' on input line 164.


Package hyperref Warning: Token not allowed in a PDF string (PDFDocEncoding):
(hyperref)                removing `\mathsurround' on input line 164.


Package hyperref Warning: Token not allowed in a PDF string (PDFDocEncoding):
(hyperref)                removing `\z@' on input line 164.


Package hyperref Warning: Token not allowed in a PDF string (PDFDocEncoding):
(hyperref)                removing `math shift' on input line 164.


Package hyperref Warning: Token not allowed in a PDF string (PDFDocEncoding):
(hyperref)                removing `math shift' on input line 164.


Package hyperref Warning: Token not allowed in a PDF string (PDFDocEncoding):
(hyperref)                removing `\lambda' on input line 164.


Package hyperref Warning: Token not allowed in a PDF string (PDFDocEncoding):
(hyperref)                removing `\mathsurround' on input line 164.


Package hyperref Warning: Token not allowed in a PDF string (PDFDocEncoding):
(hyperref)                removing `\z@' on input line 164.


Package hyperref Warning: Token not allowed in a PDF string (PDFDocEncoding):
(hyperref)                removing `math shift' on input line 164.


Package hyperref Warning: Token not allowed in a PDF string (PDFDocEncoding):
(hyperref)                removing `\<def>-command' on input line 164.


Package hyperref Warning: Token not allowed in a PDF string (PDFDocEncoding):
(hyperref)                removing `\@tempa' on input line 164.


Package hyperref Warning: Token not allowed in a PDF string (PDFDocEncoding):
(hyperref)                removing `\mathchoice' on input line 164.


Package hyperref Warning: Token not allowed in a PDF string (PDFDocEncoding):
(hyperref)                removing `\hbox' on input line 164.


Package hyperref Warning: Token not allowed in a PDF string (PDFDocEncoding):
(hyperref)                removing `math shift' on input line 164.


Package hyperref Warning: Token not allowed in a PDF string (PDFDocEncoding):
(hyperref)                removing `\mathsurround' on input line 164.


Package hyperref Warning: Token not allowed in a PDF string (PDFDocEncoding):
(hyperref)                removing `\z@' on input line 164.


Package hyperref Warning: Token not allowed in a PDF string (PDFDocEncoding):
(hyperref)                removing `\displaystyle' on input line 164.


Package hyperref Warning: Token not allowed in a PDF string (PDFDocEncoding):
(hyperref)                removing `\lambda' on input line 164.


Package hyperref Warning: Token not allowed in a PDF string (PDFDocEncoding):
(hyperref)                removing `math shift' on input line 164.


Package hyperref Warning: Token not allowed in a PDF string (PDFDocEncoding):
(hyperref)                removing `\hbox' on input line 164.


Package hyperref Warning: Token not allowed in a PDF string (PDFDocEncoding):
(hyperref)                removing `math shift' on input line 164.


Package hyperref Warning: Token not allowed in a PDF string (PDFDocEncoding):
(hyperref)                removing `\mathsurround' on input line 164.


Package hyperref Warning: Token not allowed in a PDF string (PDFDocEncoding):
(hyperref)                removing `\z@' on input line 164.


Package hyperref Warning: Token not allowed in a PDF string (PDFDocEncoding):
(hyperref)                removing `\textstyle' on input line 164.


Package hyperref Warning: Token not allowed in a PDF string (PDFDocEncoding):
(hyperref)                removing `\lambda' on input line 164.


Package hyperref Warning: Token not allowed in a PDF string (PDFDocEncoding):
(hyperref)                removing `math shift' on input line 164.


Package hyperref Warning: Token not allowed in a PDF string (PDFDocEncoding):
(hyperref)                removing `\hbox' on input line 164.


Package hyperref Warning: Token not allowed in a PDF string (PDFDocEncoding):
(hyperref)                removing `math shift' on input line 164.


Package hyperref Warning: Token not allowed in a PDF string (PDFDocEncoding):
(hyperref)                removing `\mathsurround' on input line 164.


Package hyperref Warning: Token not allowed in a PDF string (PDFDocEncoding):
(hyperref)                removing `\z@' on input line 164.


Package hyperref Warning: Token not allowed in a PDF string (PDFDocEncoding):
(hyperref)                removing `\scriptstyle' on input line 164.


Package hyperref Warning: Token not allowed in a PDF string (PDFDocEncoding):
(hyperref)                removing `\lambda' on input line 164.


Package hyperref Warning: Token not allowed in a PDF string (PDFDocEncoding):
(hyperref)                removing `math shift' on input line 164.


Package hyperref Warning: Token not allowed in a PDF string (PDFDocEncoding):
(hyperref)                removing `\hbox' on input line 164.


Package hyperref Warning: Token not allowed in a PDF string (PDFDocEncoding):
(hyperref)                removing `math shift' on input line 164.


Package hyperref Warning: Token not allowed in a PDF string (PDFDocEncoding):
(hyperref)                removing `\mathsurround' on input line 164.


Package hyperref Warning: Token not allowed in a PDF string (PDFDocEncoding):
(hyperref)                removing `\z@' on input line 164.


Package hyperref Warning: Token not allowed in a PDF string (PDFDocEncoding):
(hyperref)                removing `\scriptscriptstyle' on input line 164.


Package hyperref Warning: Token not allowed in a PDF string (PDFDocEncoding):
(hyperref)                removing `\lambda' on input line 164.


Package hyperref Warning: Token not allowed in a PDF string (PDFDocEncoding):
(hyperref)                removing `math shift' on input line 164.


Package hyperref Warning: Token not allowed in a PDF string (PDFDocEncoding):
(hyperref)                removing `\endgroup' on input line 164.


Package hyperref Warning: Token not allowed in a PDF string (PDFDocEncoding):
(hyperref)                removing `math shift' on input line 164.

[182]
Underfull \hbox (badness 10000) in paragraph at lines 250--251

 []


Underfull \hbox (badness 10000) in paragraph at lines 257--259

 []

[183]
Underfull \hbox (badness 10000) in paragraph at lines 260--261

 []


Underfull \hbox (badness 10000) in paragraph at lines 265--266

 []


Underfull \hbox (badness 10000) in paragraph at lines 267--268

 []


Overfull \hbox (0.61395pt too wide) in paragraph at lines 285--285
 []$ 
 []


Underfull \hbox (badness 10000) in paragraph at lines 289--290

 []


Underfull \hbox (badness 10000) in paragraph at lines 291--292

 []

[184]
Underfull \hbox (badness 10000) in paragraph at lines 296--298

 []


Underfull \hbox (badness 10000) in paragraph at lines 299--300

 []

[185]) [186]
\openout2 = `chapters/Lecture15.aux'.

 (chapters/Lecture15.tex
Chapter 15.

Underfull \hbox (badness 10000) in paragraph at lines 3--4

 []


Underfull \hbox (badness 10000) in paragraph at lines 5--6

 []


Underfull \hbox (badness 10000) in paragraph at lines 10--11

 []


Underfull \hbox (badness 10000) in paragraph at lines 12--13

 []

[187



]
Underfull \hbox (badness 10000) in paragraph at lines 20--22

 []


Underfull \hbox (badness 10000) in paragraph at lines 39--40

 []


Underfull \hbox (badness 10000) in paragraph at lines 41--42

 []

[188]
Underfull \hbox (badness 10000) in paragraph at lines 79--81

 []

[189] [190]
Underfull \hbox (badness 10000) in paragraph at lines 155--156

 []


Underfull \hbox (badness 10000) in paragraph at lines 206--207

 []

[191]
Underfull \hbox (badness 10000) in paragraph at lines 248--249

 []


Underfull \hbox (badness 10000) in paragraph at lines 277--278

 []

[192] [193]
Underfull \hbox (badness 10000) in paragraph at lines 330--331

 []

[194]
Underfull \hbox (badness 10000) in paragraph at lines 348--349

 []


Underfull \hbox (badness 10000) in paragraph at lines 350--351

 []


Underfull \hbox (badness 10000) in paragraph at lines 364--365

 []

[195]) [196]
\openout2 = `chapters/Lecture16.aux'.

 (chapters/Lecture16.tex
Chapter 16.

Underfull \hbox (badness 10000) in paragraph at lines 2--3

 []


Underfull \hbox (badness 10000) in paragraph at lines 4--5

 []

[197



] [198]
Underfull \hbox (badness 10000) in paragraph at lines 81--82

 []

[199]
Underfull \hbox (badness 10000) in paragraph at lines 128--130

 []


Underfull \hbox (badness 10000) in paragraph at lines 140--142

 []


Underfull \hbox (badness 10000) in paragraph at lines 154--155

 []


Underfull \hbox (badness 10000) in paragraph at lines 169--170

 []

[200]
Underfull \hbox (badness 10000) in paragraph at lines 188--190

 []

[201]
Underfull \hbox (badness 10000) in paragraph at lines 228--229

 []


Underfull \hbox (badness 10000) in paragraph at lines 230--232

 []


Underfull \hbox (badness 10000) in paragraph at lines 234--235

 []


Underfull \hbox (badness 10000) in paragraph at lines 249--251

 []


Underfull \hbox (badness 10000) in paragraph at lines 253--254

 []


Underfull \hbox (badness 10000) in paragraph at lines 262--263

 []


Underfull \hbox (badness 10000) in paragraph at lines 264--265

 []

[202]
Underfull \hbox (badness 10000) in paragraph at lines 283--284

 []


Underfull \hbox (badness 10000) in paragraph at lines 305--306

 []

[203]
Underfull \hbox (badness 10000) in paragraph at lines 324--325

 []


Underfull \hbox (badness 10000) in paragraph at lines 352--353

 []

[204]
Underfull \hbox (badness 10000) in paragraph at lines 367--368

 []


Underfull \hbox (badness 10000) in paragraph at lines 369--370

 []


Underfull \hbox (badness 10000) in paragraph at lines 390--391

 []

[205]
Underfull \hbox (badness 10000) in paragraph at lines 398--400

 []


Underfull \hbox (badness 10000) in paragraph at lines 402--403

 []


Underfull \hbox (badness 10000) in paragraph at lines 404--406

 []


Overfull \hbox (1.76678pt too wide) in paragraph at lines 417--418
 [] 
 []


Overfull \hbox (1.76678pt too wide) in paragraph at lines 435--436
 [] 
 []


Underfull \hbox (badness 10000) in paragraph at lines 449--450

 []

[206]
Underfull \hbox (badness 10000) in paragraph at lines 469--471

 []


Underfull \hbox (badness 10000) in paragraph at lines 490--492

 []


Underfull \hbox (badness 10000) in paragraph at lines 493--494

 []

) [207] [208]
\openout2 = `chapters/Lecture17.aux'.

 (chapters/Lecture17.tex
Chapter 17.

Underfull \hbox (badness 10000) in paragraph at lines 2--3

 []


Underfull \hbox (badness 10000) in paragraph at lines 4--5

 []


Underfull \hbox (badness 10000) in paragraph at lines 6--7

 []


Underfull \hbox (badness 10000) in paragraph at lines 8--9

 []


Underfull \hbox (badness 10000) in paragraph at lines 13--14

 []


Underfull \hbox (badness 10000) in paragraph at lines 15--16

 []

[209



]
Underfull \hbox (badness 10000) in paragraph at lines 17--18

 []


Underfull \hbox (badness 10000) in paragraph at lines 19--20

 []


Underfull \hbox (badness 10000) in paragraph at lines 21--22

 []


Underfull \hbox (badness 10000) in paragraph at lines 58--59

 []

[210]
Underfull \hbox (badness 10000) in paragraph at lines 110--111

 []

[211]
Underfull \hbox (badness 10000) in paragraph at lines 161--162

 []

[212]
Underfull \hbox (badness 10000) in paragraph at lines 180--181

 []


Underfull \hbox (badness 10000) in paragraph at lines 182--183

 []


Underfull \hbox (badness 10000) in paragraph at lines 203--204

 []


Underfull \hbox (badness 10000) in paragraph at lines 208--210

 []

[213]
Underfull \hbox (badness 10000) in paragraph at lines 234--235

 []


Underfull \hbox (badness 10000) in paragraph at lines 236--237

 []


Underfull \hbox (badness 10000) in paragraph at lines 238--239

 []


Underfull \hbox (badness 10000) in paragraph at lines 249--250

 []

[214]
Underfull \hbox (badness 10000) in paragraph at lines 285--286

 []

<images/gamma.png, id=3542, 703.62875pt x 701.62125pt>
File: images/gamma.png Graphic file (type png)
 <use images/gamma.png>
Package pdftex.def Info: images/gamma.png used on input line 324.
(pdftex.def)             Requested size: 211.09026pt x 210.48799pt.

[215]
Underfull \hbox (badness 10000) in paragraph at lines 328--329

 []


Underfull \hbox (badness 10000) in paragraph at lines 330--331

 []


Underfull \hbox (badness 10000) in paragraph at lines 332--333

 []

[216 <./images/gamma.png (PNG copy)>]
Underfull \hbox (badness 10000) in paragraph at lines 373--374

 []


Underfull \hbox (badness 10000) in paragraph at lines 378--380

 []

Missing character: There is no ; in font nullfont!
Missing character: There is no ; in font nullfont!
Missing character: There is no ; in font nullfont!
Missing character: There is no ; in font nullfont!
Missing character: There is no ; in font nullfont!
Missing character: There is no ; in font nullfont!
Missing character: There is no ; in font nullfont!
[217]
Missing character: There is no ; in font nullfont!
Missing character: There is no ; in font nullfont!
Missing character: There is no ; in font nullfont!
Missing character: There is no ; in font nullfont!
Missing character: There is no ; in font nullfont!
Missing character: There is no ; in font nullfont!
Missing character: There is no ; in font nullfont!

Underfull \hbox (badness 10000) in paragraph at lines 447--449

 []

[218]
Underfull \hbox (badness 10000) in paragraph at lines 453--454

 []


Underfull \hbox (badness 10000) in paragraph at lines 455--456

 []


Underfull \hbox (badness 10000) in paragraph at lines 457--458

 []


Underfull \hbox (badness 10000) in paragraph at lines 491--493

 []


Underfull \hbox (badness 10000) in paragraph at lines 494--495

 []

[219]) [220]
\openout2 = `chapters/Lecture18.aux'.

 (chapters/Lecture18.tex
Chapter 18.

Underfull \hbox (badness 10000) in paragraph at lines 2--3

 []


Underfull \hbox (badness 10000) in paragraph at lines 9--10

 []

[221



]
Underfull \hbox (badness 10000) in paragraph at lines 82--83

 []


Underfull \hbox (badness 10000) in paragraph at lines 84--85

 []


Underfull \hbox (badness 10000) in paragraph at lines 95--97

 []

[222]
Underfull \hbox (badness 10000) in paragraph at lines 113--114

 []


Package hyperref Warning: Token not allowed in a PDF string (PDFDocEncoding):
(hyperref)                removing `math shift' on input line 129.


Package hyperref Warning: Token not allowed in a PDF string (PDFDocEncoding):
(hyperref)                removing `\begingroup' on input line 129.


Package hyperref Warning: Token not allowed in a PDF string (PDFDocEncoding):
(hyperref)                removing `\<let>-command' on input line 129.


Package hyperref Warning: Token not allowed in a PDF string (PDFDocEncoding):
(hyperref)                removing `\@nomath' on input line 129.


Package hyperref Warning: Token not allowed in a PDF string (PDFDocEncoding):
(hyperref)                removing `\begingroup' on input line 129.


Package hyperref Warning: Token not allowed in a PDF string (PDFDocEncoding):
(hyperref)                removing `\setbox' on input line 129.


Package hyperref Warning: Token not allowed in a PDF string (PDFDocEncoding):
(hyperref)                removing `\z@' on input line 129.


Package hyperref Warning: Token not allowed in a PDF string (PDFDocEncoding):
(hyperref)                removing `\hbox' on input line 129.


Package hyperref Warning: Token not allowed in a PDF string (PDFDocEncoding):
(hyperref)                removing `\thinmuskip' on input line 129.


Package hyperref Warning: Token not allowed in a PDF string (PDFDocEncoding):
(hyperref)                removing `\medmuskip' on input line 129.


Package hyperref Warning: Token not allowed in a PDF string (PDFDocEncoding):
(hyperref)                removing `\m@ne' on input line 129.


Package hyperref Warning: Token not allowed in a PDF string (PDFDocEncoding):
(hyperref)                removing `\thickmuskip' on input line 129.


Package hyperref Warning: Token not allowed in a PDF string (PDFDocEncoding):
(hyperref)                removing `\@ne' on input line 129.


Package hyperref Warning: Token not allowed in a PDF string (PDFDocEncoding):
(hyperref)                removing `\setbox' on input line 129.


Package hyperref Warning: Token not allowed in a PDF string (PDFDocEncoding):
(hyperref)                removing `\tw@' on input line 129.


Package hyperref Warning: Token not allowed in a PDF string (PDFDocEncoding):
(hyperref)                removing `\hbox' on input line 129.


Package hyperref Warning: Token not allowed in a PDF string (PDFDocEncoding):
(hyperref)                removing `math shift' on input line 129.


Package hyperref Warning: Token not allowed in a PDF string (PDFDocEncoding):
(hyperref)                removing `\mathop' on input line 129.


Package hyperref Warning: Token not allowed in a PDF string (PDFDocEncoding):
(hyperref)                removing `\mathgroup' on input line 129.


Package hyperref Warning: Token not allowed in a PDF string (PDFDocEncoding):
(hyperref)                removing `\symoperators' on input line 129.


Package hyperref Warning: Token not allowed in a PDF string (PDFDocEncoding):
(hyperref)                removing `\@ifnextchar' on input line 129.


Package hyperref Warning: Token not allowed in a PDF string (PDFDocEncoding):
(hyperref)                removing `\mathsurround' on input line 129.


Package hyperref Warning: Token not allowed in a PDF string (PDFDocEncoding):
(hyperref)                removing `\z@' on input line 129.


Package hyperref Warning: Token not allowed in a PDF string (PDFDocEncoding):
(hyperref)                removing `math shift' on input line 129.


Package hyperref Warning: Token not allowed in a PDF string (PDFDocEncoding):
(hyperref)                removing `math shift' on input line 129.


Package hyperref Warning: Token not allowed in a PDF string (PDFDocEncoding):
(hyperref)                removing `\mathop' on input line 129.


Package hyperref Warning: Token not allowed in a PDF string (PDFDocEncoding):
(hyperref)                removing `\mathgroup' on input line 129.


Package hyperref Warning: Token not allowed in a PDF string (PDFDocEncoding):
(hyperref)                removing `\symoperators' on input line 129.


Package hyperref Warning: Token not allowed in a PDF string (PDFDocEncoding):
(hyperref)                removing `\@ifnextchar' on input line 129.


Package hyperref Warning: Token not allowed in a PDF string (PDFDocEncoding):
(hyperref)                removing `\mathsurround' on input line 129.


Package hyperref Warning: Token not allowed in a PDF string (PDFDocEncoding):
(hyperref)                removing `\z@' on input line 129.


Package hyperref Warning: Token not allowed in a PDF string (PDFDocEncoding):
(hyperref)                removing `math shift' on input line 129.


Package hyperref Warning: Token not allowed in a PDF string (PDFDocEncoding):
(hyperref)                removing `\<def>-command' on input line 129.


Package hyperref Warning: Token not allowed in a PDF string (PDFDocEncoding):
(hyperref)                removing `\@tempa' on input line 129.


Package hyperref Warning: Token not allowed in a PDF string (PDFDocEncoding):
(hyperref)                removing `\mathchoice' on input line 129.


Package hyperref Warning: Token not allowed in a PDF string (PDFDocEncoding):
(hyperref)                removing `\hbox' on input line 129.


Package hyperref Warning: Token not allowed in a PDF string (PDFDocEncoding):
(hyperref)                removing `math shift' on input line 129.


Package hyperref Warning: Token not allowed in a PDF string (PDFDocEncoding):
(hyperref)                removing `\mathsurround' on input line 129.


Package hyperref Warning: Token not allowed in a PDF string (PDFDocEncoding):
(hyperref)                removing `\z@' on input line 129.


Package hyperref Warning: Token not allowed in a PDF string (PDFDocEncoding):
(hyperref)                removing `\displaystyle' on input line 129.


Package hyperref Warning: Token not allowed in a PDF string (PDFDocEncoding):
(hyperref)                removing `\mathop' on input line 129.


Package hyperref Warning: Token not allowed in a PDF string (PDFDocEncoding):
(hyperref)                removing `\mathgroup' on input line 129.


Package hyperref Warning: Token not allowed in a PDF string (PDFDocEncoding):
(hyperref)                removing `\symoperators' on input line 129.


Package hyperref Warning: Token not allowed in a PDF string (PDFDocEncoding):
(hyperref)                removing `\@ifnextchar' on input line 129.


Package hyperref Warning: Token not allowed in a PDF string (PDFDocEncoding):
(hyperref)                removing `math shift' on input line 129.


Package hyperref Warning: Token not allowed in a PDF string (PDFDocEncoding):
(hyperref)                removing `\hbox' on input line 129.


Package hyperref Warning: Token not allowed in a PDF string (PDFDocEncoding):
(hyperref)                removing `math shift' on input line 129.


Package hyperref Warning: Token not allowed in a PDF string (PDFDocEncoding):
(hyperref)                removing `\mathsurround' on input line 129.


Package hyperref Warning: Token not allowed in a PDF string (PDFDocEncoding):
(hyperref)                removing `\z@' on input line 129.


Package hyperref Warning: Token not allowed in a PDF string (PDFDocEncoding):
(hyperref)                removing `\textstyle' on input line 129.


Package hyperref Warning: Token not allowed in a PDF string (PDFDocEncoding):
(hyperref)                removing `\mathop' on input line 129.


Package hyperref Warning: Token not allowed in a PDF string (PDFDocEncoding):
(hyperref)                removing `\mathgroup' on input line 129.


Package hyperref Warning: Token not allowed in a PDF string (PDFDocEncoding):
(hyperref)                removing `\symoperators' on input line 129.


Package hyperref Warning: Token not allowed in a PDF string (PDFDocEncoding):
(hyperref)                removing `\@ifnextchar' on input line 129.


Package hyperref Warning: Token not allowed in a PDF string (PDFDocEncoding):
(hyperref)                removing `math shift' on input line 129.


Package hyperref Warning: Token not allowed in a PDF string (PDFDocEncoding):
(hyperref)                removing `\hbox' on input line 129.


Package hyperref Warning: Token not allowed in a PDF string (PDFDocEncoding):
(hyperref)                removing `math shift' on input line 129.


Package hyperref Warning: Token not allowed in a PDF string (PDFDocEncoding):
(hyperref)                removing `\mathsurround' on input line 129.


Package hyperref Warning: Token not allowed in a PDF string (PDFDocEncoding):
(hyperref)                removing `\z@' on input line 129.


Package hyperref Warning: Token not allowed in a PDF string (PDFDocEncoding):
(hyperref)                removing `\scriptstyle' on input line 129.


Package hyperref Warning: Token not allowed in a PDF string (PDFDocEncoding):
(hyperref)                removing `\mathop' on input line 129.


Package hyperref Warning: Token not allowed in a PDF string (PDFDocEncoding):
(hyperref)                removing `\mathgroup' on input line 129.


Package hyperref Warning: Token not allowed in a PDF string (PDFDocEncoding):
(hyperref)                removing `\symoperators' on input line 129.


Package hyperref Warning: Token not allowed in a PDF string (PDFDocEncoding):
(hyperref)                removing `\@ifnextchar' on input line 129.


Package hyperref Warning: Token not allowed in a PDF string (PDFDocEncoding):
(hyperref)                removing `math shift' on input line 129.


Package hyperref Warning: Token not allowed in a PDF string (PDFDocEncoding):
(hyperref)                removing `\hbox' on input line 129.


Package hyperref Warning: Token not allowed in a PDF string (PDFDocEncoding):
(hyperref)                removing `math shift' on input line 129.


Package hyperref Warning: Token not allowed in a PDF string (PDFDocEncoding):
(hyperref)                removing `\mathsurround' on input line 129.


Package hyperref Warning: Token not allowed in a PDF string (PDFDocEncoding):
(hyperref)                removing `\z@' on input line 129.


Package hyperref Warning: Token not allowed in a PDF string (PDFDocEncoding):
(hyperref)                removing `\scriptscriptstyle' on input line 129.


Package hyperref Warning: Token not allowed in a PDF string (PDFDocEncoding):
(hyperref)                removing `\mathop' on input line 129.


Package hyperref Warning: Token not allowed in a PDF string (PDFDocEncoding):
(hyperref)                removing `\mathgroup' on input line 129.


Package hyperref Warning: Token not allowed in a PDF string (PDFDocEncoding):
(hyperref)                removing `\symoperators' on input line 129.


Package hyperref Warning: Token not allowed in a PDF string (PDFDocEncoding):
(hyperref)                removing `\@ifnextchar' on input line 129.


Package hyperref Warning: Token not allowed in a PDF string (PDFDocEncoding):
(hyperref)                removing `math shift' on input line 129.


Package hyperref Warning: Token not allowed in a PDF string (PDFDocEncoding):
(hyperref)                removing `\endgroup' on input line 129.


Package hyperref Warning: Token not allowed in a PDF string (PDFDocEncoding):
(hyperref)                removing `math shift' on input line 129.


Underfull \hbox (badness 10000) in paragraph at lines 130--131

 []

[223]
Underfull \hbox (badness 10000) in paragraph at lines 188--189

 []

[224]
Underfull \hbox (badness 10000) in paragraph at lines 207--208

 []

[225]
Underfull \hbox (badness 10000) in paragraph at lines 242--244

 []

) [226]
\openout2 = `chapters/Lecture19.aux'.

 (chapters/Lecture19.tex
Chapter 19.

Underfull \hbox (badness 10000) in paragraph at lines 2--3

 []


Underfull \hbox (badness 10000) in paragraph at lines 7--8

 []

[227



]
Underfull \hbox (badness 10000) in paragraph at lines 62--63

 []


Underfull \hbox (badness 10000) in paragraph at lines 79--80

 []


Underfull \hbox (badness 10000) in paragraph at lines 81--82

 []


Underfull \hbox (badness 10000) in paragraph at lines 83--84

 []

[228]
Underfull \hbox (badness 10000) in paragraph at lines 100--101

 []


Underfull \hbox (badness 10000) in paragraph at lines 124--126

 []

[229] [230]
Underfull \hbox (badness 10000) in paragraph at lines 178--179

 []

[231]
Underfull \hbox (badness 10000) in paragraph at lines 214--215

 []

[232]
Missing character: There is no ; in font nullfont!

Underfull \hbox (badness 10000) in paragraph at lines 289--290

 []

[233]
Underfull \hbox (badness 10000) in paragraph at lines 291--292

 []


Underfull \hbox (badness 10000) in paragraph at lines 293--294

 []

Missing character: There is no ; in font nullfont!

Underfull \hbox (badness 10000) in paragraph at lines 321--322

 []

[234]

Package hyperref Warning: Token not allowed in a PDF string (PDFDocEncoding):
(hyperref)                removing `math shift' on input line 325.


Package hyperref Warning: Token not allowed in a PDF string (PDFDocEncoding):
(hyperref)                removing `\begingroup' on input line 325.


Package hyperref Warning: Token not allowed in a PDF string (PDFDocEncoding):
(hyperref)                removing `\<let>-command' on input line 325.


Package hyperref Warning: Token not allowed in a PDF string (PDFDocEncoding):
(hyperref)                removing `\@nomath' on input line 325.


Package hyperref Warning: Token not allowed in a PDF string (PDFDocEncoding):
(hyperref)                removing `\begingroup' on input line 325.


Package hyperref Warning: Token not allowed in a PDF string (PDFDocEncoding):
(hyperref)                removing `\setbox' on input line 325.


Package hyperref Warning: Token not allowed in a PDF string (PDFDocEncoding):
(hyperref)                removing `\z@' on input line 325.


Package hyperref Warning: Token not allowed in a PDF string (PDFDocEncoding):
(hyperref)                removing `\hbox' on input line 325.


Package hyperref Warning: Token not allowed in a PDF string (PDFDocEncoding):
(hyperref)                removing `\thinmuskip' on input line 325.


Package hyperref Warning: Token not allowed in a PDF string (PDFDocEncoding):
(hyperref)                removing `\medmuskip' on input line 325.


Package hyperref Warning: Token not allowed in a PDF string (PDFDocEncoding):
(hyperref)                removing `\m@ne' on input line 325.


Package hyperref Warning: Token not allowed in a PDF string (PDFDocEncoding):
(hyperref)                removing `\thickmuskip' on input line 325.


Package hyperref Warning: Token not allowed in a PDF string (PDFDocEncoding):
(hyperref)                removing `\@ne' on input line 325.


Package hyperref Warning: Token not allowed in a PDF string (PDFDocEncoding):
(hyperref)                removing `\setbox' on input line 325.


Package hyperref Warning: Token not allowed in a PDF string (PDFDocEncoding):
(hyperref)                removing `\tw@' on input line 325.


Package hyperref Warning: Token not allowed in a PDF string (PDFDocEncoding):
(hyperref)                removing `\hbox' on input line 325.


Package hyperref Warning: Token not allowed in a PDF string (PDFDocEncoding):
(hyperref)                removing `math shift' on input line 325.


Package hyperref Warning: Token not allowed in a PDF string (PDFDocEncoding):
(hyperref)                removing `\alpha' on input line 325.


Package hyperref Warning: Token not allowed in a PDF string (PDFDocEncoding):
(hyperref)                removing `\lambda' on input line 325.


Package hyperref Warning: Token not allowed in a PDF string (PDFDocEncoding):
(hyperref)                removing `\mathsurround' on input line 325.


Package hyperref Warning: Token not allowed in a PDF string (PDFDocEncoding):
(hyperref)                removing `\z@' on input line 325.


Package hyperref Warning: Token not allowed in a PDF string (PDFDocEncoding):
(hyperref)                removing `math shift' on input line 325.


Package hyperref Warning: Token not allowed in a PDF string (PDFDocEncoding):
(hyperref)                removing `math shift' on input line 325.


Package hyperref Warning: Token not allowed in a PDF string (PDFDocEncoding):
(hyperref)                removing `\alpha' on input line 325.


Package hyperref Warning: Token not allowed in a PDF string (PDFDocEncoding):
(hyperref)                removing `\lambda' on input line 325.


Package hyperref Warning: Token not allowed in a PDF string (PDFDocEncoding):
(hyperref)                removing `\mathsurround' on input line 325.


Package hyperref Warning: Token not allowed in a PDF string (PDFDocEncoding):
(hyperref)                removing `\z@' on input line 325.


Package hyperref Warning: Token not allowed in a PDF string (PDFDocEncoding):
(hyperref)                removing `math shift' on input line 325.


Package hyperref Warning: Token not allowed in a PDF string (PDFDocEncoding):
(hyperref)                removing `\<def>-command' on input line 325.


Package hyperref Warning: Token not allowed in a PDF string (PDFDocEncoding):
(hyperref)                removing `\@tempa' on input line 325.


Package hyperref Warning: Token not allowed in a PDF string (PDFDocEncoding):
(hyperref)                removing `\mathchoice' on input line 325.


Package hyperref Warning: Token not allowed in a PDF string (PDFDocEncoding):
(hyperref)                removing `\hbox' on input line 325.


Package hyperref Warning: Token not allowed in a PDF string (PDFDocEncoding):
(hyperref)                removing `math shift' on input line 325.


Package hyperref Warning: Token not allowed in a PDF string (PDFDocEncoding):
(hyperref)                removing `\mathsurround' on input line 325.


Package hyperref Warning: Token not allowed in a PDF string (PDFDocEncoding):
(hyperref)                removing `\z@' on input line 325.


Package hyperref Warning: Token not allowed in a PDF string (PDFDocEncoding):
(hyperref)                removing `\displaystyle' on input line 325.


Package hyperref Warning: Token not allowed in a PDF string (PDFDocEncoding):
(hyperref)                removing `\alpha' on input line 325.


Package hyperref Warning: Token not allowed in a PDF string (PDFDocEncoding):
(hyperref)                removing `\lambda' on input line 325.


Package hyperref Warning: Token not allowed in a PDF string (PDFDocEncoding):
(hyperref)                removing `math shift' on input line 325.


Package hyperref Warning: Token not allowed in a PDF string (PDFDocEncoding):
(hyperref)                removing `\hbox' on input line 325.


Package hyperref Warning: Token not allowed in a PDF string (PDFDocEncoding):
(hyperref)                removing `math shift' on input line 325.


Package hyperref Warning: Token not allowed in a PDF string (PDFDocEncoding):
(hyperref)                removing `\mathsurround' on input line 325.


Package hyperref Warning: Token not allowed in a PDF string (PDFDocEncoding):
(hyperref)                removing `\z@' on input line 325.


Package hyperref Warning: Token not allowed in a PDF string (PDFDocEncoding):
(hyperref)                removing `\textstyle' on input line 325.


Package hyperref Warning: Token not allowed in a PDF string (PDFDocEncoding):
(hyperref)                removing `\alpha' on input line 325.


Package hyperref Warning: Token not allowed in a PDF string (PDFDocEncoding):
(hyperref)                removing `\lambda' on input line 325.


Package hyperref Warning: Token not allowed in a PDF string (PDFDocEncoding):
(hyperref)                removing `math shift' on input line 325.


Package hyperref Warning: Token not allowed in a PDF string (PDFDocEncoding):
(hyperref)                removing `\hbox' on input line 325.


Package hyperref Warning: Token not allowed in a PDF string (PDFDocEncoding):
(hyperref)                removing `math shift' on input line 325.


Package hyperref Warning: Token not allowed in a PDF string (PDFDocEncoding):
(hyperref)                removing `\mathsurround' on input line 325.


Package hyperref Warning: Token not allowed in a PDF string (PDFDocEncoding):
(hyperref)                removing `\z@' on input line 325.


Package hyperref Warning: Token not allowed in a PDF string (PDFDocEncoding):
(hyperref)                removing `\scriptstyle' on input line 325.


Package hyperref Warning: Token not allowed in a PDF string (PDFDocEncoding):
(hyperref)                removing `\alpha' on input line 325.


Package hyperref Warning: Token not allowed in a PDF string (PDFDocEncoding):
(hyperref)                removing `\lambda' on input line 325.


Package hyperref Warning: Token not allowed in a PDF string (PDFDocEncoding):
(hyperref)                removing `math shift' on input line 325.


Package hyperref Warning: Token not allowed in a PDF string (PDFDocEncoding):
(hyperref)                removing `\hbox' on input line 325.


Package hyperref Warning: Token not allowed in a PDF string (PDFDocEncoding):
(hyperref)                removing `math shift' on input line 325.


Package hyperref Warning: Token not allowed in a PDF string (PDFDocEncoding):
(hyperref)                removing `\mathsurround' on input line 325.


Package hyperref Warning: Token not allowed in a PDF string (PDFDocEncoding):
(hyperref)                removing `\z@' on input line 325.


Package hyperref Warning: Token not allowed in a PDF string (PDFDocEncoding):
(hyperref)                removing `\scriptscriptstyle' on input line 325.


Package hyperref Warning: Token not allowed in a PDF string (PDFDocEncoding):
(hyperref)                removing `\alpha' on input line 325.


Package hyperref Warning: Token not allowed in a PDF string (PDFDocEncoding):
(hyperref)                removing `\lambda' on input line 325.


Package hyperref Warning: Token not allowed in a PDF string (PDFDocEncoding):
(hyperref)                removing `math shift' on input line 325.


Package hyperref Warning: Token not allowed in a PDF string (PDFDocEncoding):
(hyperref)                removing `\endgroup' on input line 325.


Package hyperref Warning: Token not allowed in a PDF string (PDFDocEncoding):
(hyperref)                removing `math shift' on input line 325.


Underfull \hbox (badness 10000) in paragraph at lines 337--339

 []


Underfull \hbox (badness 10000) in paragraph at lines 349--351

 []


Underfull \hbox (badness 10000) in paragraph at lines 352--353

 []

[235]
Overfull \hbox (16.66536pt too wide) in paragraph at lines 396--397
 [] 
 []


Underfull \hbox (badness 10000) in paragraph at lines 402--403

 []


Underfull \hbox (badness 10000) in paragraph at lines 404--405

 []

[236]
Underfull \hbox (badness 10000) in paragraph at lines 406--407

 []


Underfull \hbox (badness 10000) in paragraph at lines 423--425

 []

) [237]
\openout2 = `chapters/Lecture20.aux'.

 (chapters/Lecture20.tex
Chapter 20.

Package hyperref Warning: Difference (2) between bookmark levels is greater 
(hyperref)                than one, level fixed on input line 3.


Underfull \hbox (badness 10000) in paragraph at lines 15--16

 []


Underfull \hbox (badness 10000) in paragraph at lines 17--18

 []


Underfull \hbox (badness 10000) in paragraph at lines 19--20

 []

[238



]
Underfull \hbox (badness 10000) in paragraph at lines 28--30

 []


Underfull \hbox (badness 10000) in paragraph at lines 63--64

 []


Underfull \hbox (badness 10000) in paragraph at lines 65--66

 []


Overfull \hbox (9.2215pt too wide) in paragraph at lines 79--80
 [] 
 []


Overfull \hbox (9.2215pt too wide) in paragraph at lines 102--103
 [] 
 []


Overfull \hbox (9.62149pt too wide) in paragraph at lines 118--119
 [] 
 []


Overfull \hbox (9.62149pt too wide) in paragraph at lines 141--142
 [] 
 []

[239]
Underfull \hbox (badness 10000) in paragraph at lines 147--148

 []


Underfull \hbox (badness 10000) in paragraph at lines 149--150

 []


Underfull \hbox (badness 10000) in paragraph at lines 151--152

 []


Overfull \hbox (0.93977pt too wide) in paragraph at lines 174--175
 [] 
 []


Overfull \hbox (7.65428pt too wide) in paragraph at lines 212--213
 [] 
 []


Underfull \hbox (badness 10000) in paragraph at lines 231--232

 []

[240]
Underfull \hbox (badness 10000) in paragraph at lines 261--262

 []


Underfull \hbox (badness 10000) in paragraph at lines 266--268

 []

[241]
Underfull \hbox (badness 10000) in paragraph at lines 302--304

 []

[242] [243]
Underfull \hbox (badness 10000) in paragraph at lines 388--389

 []

[244]
Underfull \hbox (badness 10000) in paragraph at lines 439--440

 []


Underfull \hbox (badness 10000) in paragraph at lines 441--442

 []


Underfull \hbox (badness 10000) in paragraph at lines 458--459

 []

[245]
Underfull \hbox (badness 10000) in paragraph at lines 481--482

 []


Underfull \hbox (badness 10000) in paragraph at lines 489--490

 []

[246]) [247]
\openout2 = `chapters/Lecture21.aux'.

 (chapters/Lecture21.tex
Chapter 21.

Package hyperref Warning: Difference (2) between bookmark levels is greater 
(hyperref)                than one, level fixed on input line 5.


Underfull \hbox (badness 10000) in paragraph at lines 6--7

 []


Underfull \hbox (badness 10000) in paragraph at lines 26--28

 []

[248



]
Underfull \hbox (badness 10000) in paragraph at lines 29--30

 []


Underfull \hbox (badness 10000) in paragraph at lines 31--32

 []


Underfull \hbox (badness 10000) in paragraph at lines 36--38

 []


Underfull \hbox (badness 10000) in paragraph at lines 42--43

 []


Underfull \hbox (badness 10000) in paragraph at lines 67--68

 []

[249]

Package hyperref Warning: Token not allowed in a PDF string (PDFDocEncoding):
(hyperref)                removing `math shift' on input line 102.


Package hyperref Warning: Token not allowed in a PDF string (PDFDocEncoding):
(hyperref)                removing `\begingroup' on input line 102.


Package hyperref Warning: Token not allowed in a PDF string (PDFDocEncoding):
(hyperref)                removing `\<let>-command' on input line 102.


Package hyperref Warning: Token not allowed in a PDF string (PDFDocEncoding):
(hyperref)                removing `\@nomath' on input line 102.


Package hyperref Warning: Token not allowed in a PDF string (PDFDocEncoding):
(hyperref)                removing `\begingroup' on input line 102.


Package hyperref Warning: Token not allowed in a PDF string (PDFDocEncoding):
(hyperref)                removing `\setbox' on input line 102.


Package hyperref Warning: Token not allowed in a PDF string (PDFDocEncoding):
(hyperref)                removing `\z@' on input line 102.


Package hyperref Warning: Token not allowed in a PDF string (PDFDocEncoding):
(hyperref)                removing `\hbox' on input line 102.


Package hyperref Warning: Token not allowed in a PDF string (PDFDocEncoding):
(hyperref)                removing `\thinmuskip' on input line 102.


Package hyperref Warning: Token not allowed in a PDF string (PDFDocEncoding):
(hyperref)                removing `\medmuskip' on input line 102.


Package hyperref Warning: Token not allowed in a PDF string (PDFDocEncoding):
(hyperref)                removing `\m@ne' on input line 102.


Package hyperref Warning: Token not allowed in a PDF string (PDFDocEncoding):
(hyperref)                removing `\thickmuskip' on input line 102.


Package hyperref Warning: Token not allowed in a PDF string (PDFDocEncoding):
(hyperref)                removing `\@ne' on input line 102.


Package hyperref Warning: Token not allowed in a PDF string (PDFDocEncoding):
(hyperref)                removing `\setbox' on input line 102.


Package hyperref Warning: Token not allowed in a PDF string (PDFDocEncoding):
(hyperref)                removing `\tw@' on input line 102.


Package hyperref Warning: Token not allowed in a PDF string (PDFDocEncoding):
(hyperref)                removing `\hbox' on input line 102.


Package hyperref Warning: Token not allowed in a PDF string (PDFDocEncoding):
(hyperref)                removing `math shift' on input line 102.


Package hyperref Warning: Token not allowed in a PDF string (PDFDocEncoding):
(hyperref)                removing `\mathsurround' on input line 102.


Package hyperref Warning: Token not allowed in a PDF string (PDFDocEncoding):
(hyperref)                removing `\z@' on input line 102.


Package hyperref Warning: Token not allowed in a PDF string (PDFDocEncoding):
(hyperref)                removing `math shift' on input line 102.


Package hyperref Warning: Token not allowed in a PDF string (PDFDocEncoding):
(hyperref)                removing `math shift' on input line 102.


Package hyperref Warning: Token not allowed in a PDF string (PDFDocEncoding):
(hyperref)                removing `\mathsurround' on input line 102.


Package hyperref Warning: Token not allowed in a PDF string (PDFDocEncoding):
(hyperref)                removing `\z@' on input line 102.


Package hyperref Warning: Token not allowed in a PDF string (PDFDocEncoding):
(hyperref)                removing `math shift' on input line 102.


Package hyperref Warning: Token not allowed in a PDF string (PDFDocEncoding):
(hyperref)                removing `\<def>-command' on input line 102.


Package hyperref Warning: Token not allowed in a PDF string (PDFDocEncoding):
(hyperref)                removing `\@tempa' on input line 102.


Package hyperref Warning: Token not allowed in a PDF string (PDFDocEncoding):
(hyperref)                removing `\mathchoice' on input line 102.


Package hyperref Warning: Token not allowed in a PDF string (PDFDocEncoding):
(hyperref)                removing `\hbox' on input line 102.


Package hyperref Warning: Token not allowed in a PDF string (PDFDocEncoding):
(hyperref)                removing `math shift' on input line 102.


Package hyperref Warning: Token not allowed in a PDF string (PDFDocEncoding):
(hyperref)                removing `\mathsurround' on input line 102.


Package hyperref Warning: Token not allowed in a PDF string (PDFDocEncoding):
(hyperref)                removing `\z@' on input line 102.


Package hyperref Warning: Token not allowed in a PDF string (PDFDocEncoding):
(hyperref)                removing `\displaystyle' on input line 102.


Package hyperref Warning: Token not allowed in a PDF string (PDFDocEncoding):
(hyperref)                removing `math shift' on input line 102.


Package hyperref Warning: Token not allowed in a PDF string (PDFDocEncoding):
(hyperref)                removing `\hbox' on input line 102.


Package hyperref Warning: Token not allowed in a PDF string (PDFDocEncoding):
(hyperref)                removing `math shift' on input line 102.


Package hyperref Warning: Token not allowed in a PDF string (PDFDocEncoding):
(hyperref)                removing `\mathsurround' on input line 102.


Package hyperref Warning: Token not allowed in a PDF string (PDFDocEncoding):
(hyperref)                removing `\z@' on input line 102.


Package hyperref Warning: Token not allowed in a PDF string (PDFDocEncoding):
(hyperref)                removing `\textstyle' on input line 102.


Package hyperref Warning: Token not allowed in a PDF string (PDFDocEncoding):
(hyperref)                removing `math shift' on input line 102.


Package hyperref Warning: Token not allowed in a PDF string (PDFDocEncoding):
(hyperref)                removing `\hbox' on input line 102.


Package hyperref Warning: Token not allowed in a PDF string (PDFDocEncoding):
(hyperref)                removing `math shift' on input line 102.


Package hyperref Warning: Token not allowed in a PDF string (PDFDocEncoding):
(hyperref)                removing `\mathsurround' on input line 102.


Package hyperref Warning: Token not allowed in a PDF string (PDFDocEncoding):
(hyperref)                removing `\z@' on input line 102.


Package hyperref Warning: Token not allowed in a PDF string (PDFDocEncoding):
(hyperref)                removing `\scriptstyle' on input line 102.


Package hyperref Warning: Token not allowed in a PDF string (PDFDocEncoding):
(hyperref)                removing `math shift' on input line 102.


Package hyperref Warning: Token not allowed in a PDF string (PDFDocEncoding):
(hyperref)                removing `\hbox' on input line 102.


Package hyperref Warning: Token not allowed in a PDF string (PDFDocEncoding):
(hyperref)                removing `math shift' on input line 102.


Package hyperref Warning: Token not allowed in a PDF string (PDFDocEncoding):
(hyperref)                removing `\mathsurround' on input line 102.


Package hyperref Warning: Token not allowed in a PDF string (PDFDocEncoding):
(hyperref)                removing `\z@' on input line 102.


Package hyperref Warning: Token not allowed in a PDF string (PDFDocEncoding):
(hyperref)                removing `\scriptscriptstyle' on input line 102.


Package hyperref Warning: Token not allowed in a PDF string (PDFDocEncoding):
(hyperref)                removing `math shift' on input line 102.


Package hyperref Warning: Token not allowed in a PDF string (PDFDocEncoding):
(hyperref)                removing `\endgroup' on input line 102.


Package hyperref Warning: Token not allowed in a PDF string (PDFDocEncoding):
(hyperref)                removing `math shift' on input line 102.


Underfull \hbox (badness 10000) in paragraph at lines 103--104

 []

[250]

Package hyperref Warning: Token not allowed in a PDF string (PDFDocEncoding):
(hyperref)                removing `math shift' on input line 127.


Package hyperref Warning: Token not allowed in a PDF string (PDFDocEncoding):
(hyperref)                removing `\begingroup' on input line 127.


Package hyperref Warning: Token not allowed in a PDF string (PDFDocEncoding):
(hyperref)                removing `\<let>-command' on input line 127.


Package hyperref Warning: Token not allowed in a PDF string (PDFDocEncoding):
(hyperref)                removing `\@nomath' on input line 127.


Package hyperref Warning: Token not allowed in a PDF string (PDFDocEncoding):
(hyperref)                removing `\begingroup' on input line 127.


Package hyperref Warning: Token not allowed in a PDF string (PDFDocEncoding):
(hyperref)                removing `\setbox' on input line 127.


Package hyperref Warning: Token not allowed in a PDF string (PDFDocEncoding):
(hyperref)                removing `\z@' on input line 127.


Package hyperref Warning: Token not allowed in a PDF string (PDFDocEncoding):
(hyperref)                removing `\hbox' on input line 127.


Package hyperref Warning: Token not allowed in a PDF string (PDFDocEncoding):
(hyperref)                removing `\thinmuskip' on input line 127.


Package hyperref Warning: Token not allowed in a PDF string (PDFDocEncoding):
(hyperref)                removing `\medmuskip' on input line 127.


Package hyperref Warning: Token not allowed in a PDF string (PDFDocEncoding):
(hyperref)                removing `\m@ne' on input line 127.


Package hyperref Warning: Token not allowed in a PDF string (PDFDocEncoding):
(hyperref)                removing `\thickmuskip' on input line 127.


Package hyperref Warning: Token not allowed in a PDF string (PDFDocEncoding):
(hyperref)                removing `\@ne' on input line 127.


Package hyperref Warning: Token not allowed in a PDF string (PDFDocEncoding):
(hyperref)                removing `\setbox' on input line 127.


Package hyperref Warning: Token not allowed in a PDF string (PDFDocEncoding):
(hyperref)                removing `\tw@' on input line 127.


Package hyperref Warning: Token not allowed in a PDF string (PDFDocEncoding):
(hyperref)                removing `\hbox' on input line 127.


Package hyperref Warning: Token not allowed in a PDF string (PDFDocEncoding):
(hyperref)                removing `math shift' on input line 127.


Package hyperref Warning: Token not allowed in a PDF string (PDFDocEncoding):
(hyperref)                removing `\mathsurround' on input line 127.


Package hyperref Warning: Token not allowed in a PDF string (PDFDocEncoding):
(hyperref)                removing `\z@' on input line 127.


Package hyperref Warning: Token not allowed in a PDF string (PDFDocEncoding):
(hyperref)                removing `math shift' on input line 127.


Package hyperref Warning: Token not allowed in a PDF string (PDFDocEncoding):
(hyperref)                removing `math shift' on input line 127.


Package hyperref Warning: Token not allowed in a PDF string (PDFDocEncoding):
(hyperref)                removing `\mathsurround' on input line 127.


Package hyperref Warning: Token not allowed in a PDF string (PDFDocEncoding):
(hyperref)                removing `\z@' on input line 127.


Package hyperref Warning: Token not allowed in a PDF string (PDFDocEncoding):
(hyperref)                removing `math shift' on input line 127.


Package hyperref Warning: Token not allowed in a PDF string (PDFDocEncoding):
(hyperref)                removing `\<def>-command' on input line 127.


Package hyperref Warning: Token not allowed in a PDF string (PDFDocEncoding):
(hyperref)                removing `\@tempa' on input line 127.


Package hyperref Warning: Token not allowed in a PDF string (PDFDocEncoding):
(hyperref)                removing `\mathchoice' on input line 127.


Package hyperref Warning: Token not allowed in a PDF string (PDFDocEncoding):
(hyperref)                removing `\hbox' on input line 127.


Package hyperref Warning: Token not allowed in a PDF string (PDFDocEncoding):
(hyperref)                removing `math shift' on input line 127.


Package hyperref Warning: Token not allowed in a PDF string (PDFDocEncoding):
(hyperref)                removing `\mathsurround' on input line 127.


Package hyperref Warning: Token not allowed in a PDF string (PDFDocEncoding):
(hyperref)                removing `\z@' on input line 127.


Package hyperref Warning: Token not allowed in a PDF string (PDFDocEncoding):
(hyperref)                removing `\displaystyle' on input line 127.


Package hyperref Warning: Token not allowed in a PDF string (PDFDocEncoding):
(hyperref)                removing `math shift' on input line 127.


Package hyperref Warning: Token not allowed in a PDF string (PDFDocEncoding):
(hyperref)                removing `\hbox' on input line 127.


Package hyperref Warning: Token not allowed in a PDF string (PDFDocEncoding):
(hyperref)                removing `math shift' on input line 127.


Package hyperref Warning: Token not allowed in a PDF string (PDFDocEncoding):
(hyperref)                removing `\mathsurround' on input line 127.


Package hyperref Warning: Token not allowed in a PDF string (PDFDocEncoding):
(hyperref)                removing `\z@' on input line 127.


Package hyperref Warning: Token not allowed in a PDF string (PDFDocEncoding):
(hyperref)                removing `\textstyle' on input line 127.


Package hyperref Warning: Token not allowed in a PDF string (PDFDocEncoding):
(hyperref)                removing `math shift' on input line 127.


Package hyperref Warning: Token not allowed in a PDF string (PDFDocEncoding):
(hyperref)                removing `\hbox' on input line 127.


Package hyperref Warning: Token not allowed in a PDF string (PDFDocEncoding):
(hyperref)                removing `math shift' on input line 127.


Package hyperref Warning: Token not allowed in a PDF string (PDFDocEncoding):
(hyperref)                removing `\mathsurround' on input line 127.


Package hyperref Warning: Token not allowed in a PDF string (PDFDocEncoding):
(hyperref)                removing `\z@' on input line 127.


Package hyperref Warning: Token not allowed in a PDF string (PDFDocEncoding):
(hyperref)                removing `\scriptstyle' on input line 127.


Package hyperref Warning: Token not allowed in a PDF string (PDFDocEncoding):
(hyperref)                removing `math shift' on input line 127.


Package hyperref Warning: Token not allowed in a PDF string (PDFDocEncoding):
(hyperref)                removing `\hbox' on input line 127.


Package hyperref Warning: Token not allowed in a PDF string (PDFDocEncoding):
(hyperref)                removing `math shift' on input line 127.


Package hyperref Warning: Token not allowed in a PDF string (PDFDocEncoding):
(hyperref)                removing `\mathsurround' on input line 127.


Package hyperref Warning: Token not allowed in a PDF string (PDFDocEncoding):
(hyperref)                removing `\z@' on input line 127.


Package hyperref Warning: Token not allowed in a PDF string (PDFDocEncoding):
(hyperref)                removing `\scriptscriptstyle' on input line 127.


Package hyperref Warning: Token not allowed in a PDF string (PDFDocEncoding):
(hyperref)                removing `math shift' on input line 127.


Package hyperref Warning: Token not allowed in a PDF string (PDFDocEncoding):
(hyperref)                removing `\endgroup' on input line 127.


Package hyperref Warning: Token not allowed in a PDF string (PDFDocEncoding):
(hyperref)                removing `math shift' on input line 127.


Underfull \hbox (badness 10000) in paragraph at lines 128--129

 []

[251]
Underfull \hbox (badness 10000) in paragraph at lines 146--147

 []


Underfull \hbox (badness 10000) in paragraph at lines 164--165

 []

[252]
Underfull \hbox (badness 10000) in paragraph at lines 192--193

 []

[253]

Package hyperref Warning: Token not allowed in a PDF string (PDFDocEncoding):
(hyperref)                removing `math shift' on input line 218.


Package hyperref Warning: Token not allowed in a PDF string (PDFDocEncoding):
(hyperref)                removing `\begingroup' on input line 218.


Package hyperref Warning: Token not allowed in a PDF string (PDFDocEncoding):
(hyperref)                removing `\<let>-command' on input line 218.


Package hyperref Warning: Token not allowed in a PDF string (PDFDocEncoding):
(hyperref)                removing `\@nomath' on input line 218.


Package hyperref Warning: Token not allowed in a PDF string (PDFDocEncoding):
(hyperref)                removing `\begingroup' on input line 218.


Package hyperref Warning: Token not allowed in a PDF string (PDFDocEncoding):
(hyperref)                removing `\setbox' on input line 218.


Package hyperref Warning: Token not allowed in a PDF string (PDFDocEncoding):
(hyperref)                removing `\z@' on input line 218.


Package hyperref Warning: Token not allowed in a PDF string (PDFDocEncoding):
(hyperref)                removing `\hbox' on input line 218.


Package hyperref Warning: Token not allowed in a PDF string (PDFDocEncoding):
(hyperref)                removing `\thinmuskip' on input line 218.


Package hyperref Warning: Token not allowed in a PDF string (PDFDocEncoding):
(hyperref)                removing `\medmuskip' on input line 218.


Package hyperref Warning: Token not allowed in a PDF string (PDFDocEncoding):
(hyperref)                removing `\m@ne' on input line 218.


Package hyperref Warning: Token not allowed in a PDF string (PDFDocEncoding):
(hyperref)                removing `\thickmuskip' on input line 218.


Package hyperref Warning: Token not allowed in a PDF string (PDFDocEncoding):
(hyperref)                removing `\@ne' on input line 218.


Package hyperref Warning: Token not allowed in a PDF string (PDFDocEncoding):
(hyperref)                removing `\setbox' on input line 218.


Package hyperref Warning: Token not allowed in a PDF string (PDFDocEncoding):
(hyperref)                removing `\tw@' on input line 218.


Package hyperref Warning: Token not allowed in a PDF string (PDFDocEncoding):
(hyperref)                removing `\hbox' on input line 218.


Package hyperref Warning: Token not allowed in a PDF string (PDFDocEncoding):
(hyperref)                removing `math shift' on input line 218.


Package hyperref Warning: Token not allowed in a PDF string (PDFDocEncoding):
(hyperref)                removing `\begingroup' on input line 218.


Package hyperref Warning: Token not allowed in a PDF string (PDFDocEncoding):
(hyperref)                removing `\endgroup' on input line 218.


Package hyperref Warning: Token not allowed in a PDF string (PDFDocEncoding):
(hyperref)                removing `\@@over' on input line 218.


Package hyperref Warning: Token not allowed in a PDF string (PDFDocEncoding):
(hyperref)                removing `\mathsurround' on input line 218.


Package hyperref Warning: Token not allowed in a PDF string (PDFDocEncoding):
(hyperref)                removing `\z@' on input line 218.


Package hyperref Warning: Token not allowed in a PDF string (PDFDocEncoding):
(hyperref)                removing `math shift' on input line 218.


Package hyperref Warning: Token not allowed in a PDF string (PDFDocEncoding):
(hyperref)                removing `math shift' on input line 218.


Package hyperref Warning: Token not allowed in a PDF string (PDFDocEncoding):
(hyperref)                removing `\begingroup' on input line 218.


Package hyperref Warning: Token not allowed in a PDF string (PDFDocEncoding):
(hyperref)                removing `\endgroup' on input line 218.


Package hyperref Warning: Token not allowed in a PDF string (PDFDocEncoding):
(hyperref)                removing `\@@over' on input line 218.


Package hyperref Warning: Token not allowed in a PDF string (PDFDocEncoding):
(hyperref)                removing `\mathsurround' on input line 218.


Package hyperref Warning: Token not allowed in a PDF string (PDFDocEncoding):
(hyperref)                removing `\z@' on input line 218.


Package hyperref Warning: Token not allowed in a PDF string (PDFDocEncoding):
(hyperref)                removing `math shift' on input line 218.


Package hyperref Warning: Token not allowed in a PDF string (PDFDocEncoding):
(hyperref)                removing `\<def>-command' on input line 218.


Package hyperref Warning: Token not allowed in a PDF string (PDFDocEncoding):
(hyperref)                removing `\@tempa' on input line 218.


Package hyperref Warning: Token not allowed in a PDF string (PDFDocEncoding):
(hyperref)                removing `\mathchoice' on input line 218.


Package hyperref Warning: Token not allowed in a PDF string (PDFDocEncoding):
(hyperref)                removing `\hbox' on input line 218.


Package hyperref Warning: Token not allowed in a PDF string (PDFDocEncoding):
(hyperref)                removing `math shift' on input line 218.


Package hyperref Warning: Token not allowed in a PDF string (PDFDocEncoding):
(hyperref)                removing `\mathsurround' on input line 218.


Package hyperref Warning: Token not allowed in a PDF string (PDFDocEncoding):
(hyperref)                removing `\z@' on input line 218.


Package hyperref Warning: Token not allowed in a PDF string (PDFDocEncoding):
(hyperref)                removing `\displaystyle' on input line 218.


Package hyperref Warning: Token not allowed in a PDF string (PDFDocEncoding):
(hyperref)                removing `\begingroup' on input line 218.


Package hyperref Warning: Token not allowed in a PDF string (PDFDocEncoding):
(hyperref)                removing `\endgroup' on input line 218.


Package hyperref Warning: Token not allowed in a PDF string (PDFDocEncoding):
(hyperref)                removing `\@@over' on input line 218.


Package hyperref Warning: Token not allowed in a PDF string (PDFDocEncoding):
(hyperref)                removing `math shift' on input line 218.


Package hyperref Warning: Token not allowed in a PDF string (PDFDocEncoding):
(hyperref)                removing `\hbox' on input line 218.


Package hyperref Warning: Token not allowed in a PDF string (PDFDocEncoding):
(hyperref)                removing `math shift' on input line 218.


Package hyperref Warning: Token not allowed in a PDF string (PDFDocEncoding):
(hyperref)                removing `\mathsurround' on input line 218.


Package hyperref Warning: Token not allowed in a PDF string (PDFDocEncoding):
(hyperref)                removing `\z@' on input line 218.


Package hyperref Warning: Token not allowed in a PDF string (PDFDocEncoding):
(hyperref)                removing `\textstyle' on input line 218.


Package hyperref Warning: Token not allowed in a PDF string (PDFDocEncoding):
(hyperref)                removing `\begingroup' on input line 218.


Package hyperref Warning: Token not allowed in a PDF string (PDFDocEncoding):
(hyperref)                removing `\endgroup' on input line 218.


Package hyperref Warning: Token not allowed in a PDF string (PDFDocEncoding):
(hyperref)                removing `\@@over' on input line 218.


Package hyperref Warning: Token not allowed in a PDF string (PDFDocEncoding):
(hyperref)                removing `math shift' on input line 218.


Package hyperref Warning: Token not allowed in a PDF string (PDFDocEncoding):
(hyperref)                removing `\hbox' on input line 218.


Package hyperref Warning: Token not allowed in a PDF string (PDFDocEncoding):
(hyperref)                removing `math shift' on input line 218.


Package hyperref Warning: Token not allowed in a PDF string (PDFDocEncoding):
(hyperref)                removing `\mathsurround' on input line 218.


Package hyperref Warning: Token not allowed in a PDF string (PDFDocEncoding):
(hyperref)                removing `\z@' on input line 218.


Package hyperref Warning: Token not allowed in a PDF string (PDFDocEncoding):
(hyperref)                removing `\scriptstyle' on input line 218.


Package hyperref Warning: Token not allowed in a PDF string (PDFDocEncoding):
(hyperref)                removing `\begingroup' on input line 218.


Package hyperref Warning: Token not allowed in a PDF string (PDFDocEncoding):
(hyperref)                removing `\endgroup' on input line 218.


Package hyperref Warning: Token not allowed in a PDF string (PDFDocEncoding):
(hyperref)                removing `\@@over' on input line 218.


Package hyperref Warning: Token not allowed in a PDF string (PDFDocEncoding):
(hyperref)                removing `math shift' on input line 218.


Package hyperref Warning: Token not allowed in a PDF string (PDFDocEncoding):
(hyperref)                removing `\hbox' on input line 218.


Package hyperref Warning: Token not allowed in a PDF string (PDFDocEncoding):
(hyperref)                removing `math shift' on input line 218.


Package hyperref Warning: Token not allowed in a PDF string (PDFDocEncoding):
(hyperref)                removing `\mathsurround' on input line 218.


Package hyperref Warning: Token not allowed in a PDF string (PDFDocEncoding):
(hyperref)                removing `\z@' on input line 218.


Package hyperref Warning: Token not allowed in a PDF string (PDFDocEncoding):
(hyperref)                removing `\scriptscriptstyle' on input line 218.


Package hyperref Warning: Token not allowed in a PDF string (PDFDocEncoding):
(hyperref)                removing `\begingroup' on input line 218.


Package hyperref Warning: Token not allowed in a PDF string (PDFDocEncoding):
(hyperref)                removing `\endgroup' on input line 218.


Package hyperref Warning: Token not allowed in a PDF string (PDFDocEncoding):
(hyperref)                removing `\@@over' on input line 218.


Package hyperref Warning: Token not allowed in a PDF string (PDFDocEncoding):
(hyperref)                removing `math shift' on input line 218.


Package hyperref Warning: Token not allowed in a PDF string (PDFDocEncoding):
(hyperref)                removing `\endgroup' on input line 218.


Package hyperref Warning: Token not allowed in a PDF string (PDFDocEncoding):
(hyperref)                removing `math shift' on input line 218.


Underfull \hbox (badness 10000) in paragraph at lines 226--228

 []

[254]
Underfull \hbox (badness 10000) in paragraph at lines 255--257

 []


Underfull \hbox (badness 10000) in paragraph at lines 270--272

 []


Underfull \hbox (badness 10000) in paragraph at lines 286--287

 []

[255]
Underfull \hbox (badness 10000) in paragraph at lines 288--289

 []

[256] [257]) [258]
\openout2 = `chapters/Lecture22.aux'.

 (chapters/Lecture22.tex
Chapter 22.

Underfull \hbox (badness 10000) in paragraph at lines 4--5

 []


Underfull \hbox (badness 10000) in paragraph at lines 6--7

 []


Underfull \hbox (badness 10000) in paragraph at lines 8--9

 []


Underfull \hbox (badness 10000) in paragraph at lines 10--11

 []


Underfull \hbox (badness 10000) in paragraph at lines 12--13

 []


Underfull \hbox (badness 10000) in paragraph at lines 14--15

 []


Underfull \hbox (badness 10000) in paragraph at lines 16--17

 []

[259



]

Package hyperref Warning: Token not allowed in a PDF string (PDFDocEncoding):
(hyperref)                removing `math shift' on input line 30.


Package hyperref Warning: Token not allowed in a PDF string (PDFDocEncoding):
(hyperref)                removing `\begingroup' on input line 30.


Package hyperref Warning: Token not allowed in a PDF string (PDFDocEncoding):
(hyperref)                removing `\<let>-command' on input line 30.


Package hyperref Warning: Token not allowed in a PDF string (PDFDocEncoding):
(hyperref)                removing `\@nomath' on input line 30.


Package hyperref Warning: Token not allowed in a PDF string (PDFDocEncoding):
(hyperref)                removing `\begingroup' on input line 30.


Package hyperref Warning: Token not allowed in a PDF string (PDFDocEncoding):
(hyperref)                removing `\setbox' on input line 30.


Package hyperref Warning: Token not allowed in a PDF string (PDFDocEncoding):
(hyperref)                removing `\z@' on input line 30.


Package hyperref Warning: Token not allowed in a PDF string (PDFDocEncoding):
(hyperref)                removing `\hbox' on input line 30.


Package hyperref Warning: Token not allowed in a PDF string (PDFDocEncoding):
(hyperref)                removing `\thinmuskip' on input line 30.


Package hyperref Warning: Token not allowed in a PDF string (PDFDocEncoding):
(hyperref)                removing `\medmuskip' on input line 30.


Package hyperref Warning: Token not allowed in a PDF string (PDFDocEncoding):
(hyperref)                removing `\m@ne' on input line 30.


Package hyperref Warning: Token not allowed in a PDF string (PDFDocEncoding):
(hyperref)                removing `\thickmuskip' on input line 30.


Package hyperref Warning: Token not allowed in a PDF string (PDFDocEncoding):
(hyperref)                removing `\@ne' on input line 30.


Package hyperref Warning: Token not allowed in a PDF string (PDFDocEncoding):
(hyperref)                removing `\setbox' on input line 30.


Package hyperref Warning: Token not allowed in a PDF string (PDFDocEncoding):
(hyperref)                removing `\tw@' on input line 30.


Package hyperref Warning: Token not allowed in a PDF string (PDFDocEncoding):
(hyperref)                removing `\hbox' on input line 30.


Package hyperref Warning: Token not allowed in a PDF string (PDFDocEncoding):
(hyperref)                removing `math shift' on input line 30.


Package hyperref Warning: Token not allowed in a PDF string (PDFDocEncoding):
(hyperref)                removing `subscript' on input line 30.


Package hyperref Warning: Token not allowed in a PDF string (PDFDocEncoding):
(hyperref)                removing `\mathsurround' on input line 30.


Package hyperref Warning: Token not allowed in a PDF string (PDFDocEncoding):
(hyperref)                removing `\z@' on input line 30.


Package hyperref Warning: Token not allowed in a PDF string (PDFDocEncoding):
(hyperref)                removing `math shift' on input line 30.


Package hyperref Warning: Token not allowed in a PDF string (PDFDocEncoding):
(hyperref)                removing `math shift' on input line 30.


Package hyperref Warning: Token not allowed in a PDF string (PDFDocEncoding):
(hyperref)                removing `subscript' on input line 30.


Package hyperref Warning: Token not allowed in a PDF string (PDFDocEncoding):
(hyperref)                removing `\mathsurround' on input line 30.


Package hyperref Warning: Token not allowed in a PDF string (PDFDocEncoding):
(hyperref)                removing `\z@' on input line 30.


Package hyperref Warning: Token not allowed in a PDF string (PDFDocEncoding):
(hyperref)                removing `math shift' on input line 30.


Package hyperref Warning: Token not allowed in a PDF string (PDFDocEncoding):
(hyperref)                removing `\<def>-command' on input line 30.


Package hyperref Warning: Token not allowed in a PDF string (PDFDocEncoding):
(hyperref)                removing `\@tempa' on input line 30.


Package hyperref Warning: Token not allowed in a PDF string (PDFDocEncoding):
(hyperref)                removing `\mathchoice' on input line 30.


Package hyperref Warning: Token not allowed in a PDF string (PDFDocEncoding):
(hyperref)                removing `\hbox' on input line 30.


Package hyperref Warning: Token not allowed in a PDF string (PDFDocEncoding):
(hyperref)                removing `math shift' on input line 30.


Package hyperref Warning: Token not allowed in a PDF string (PDFDocEncoding):
(hyperref)                removing `\mathsurround' on input line 30.


Package hyperref Warning: Token not allowed in a PDF string (PDFDocEncoding):
(hyperref)                removing `\z@' on input line 30.


Package hyperref Warning: Token not allowed in a PDF string (PDFDocEncoding):
(hyperref)                removing `\displaystyle' on input line 30.


Package hyperref Warning: Token not allowed in a PDF string (PDFDocEncoding):
(hyperref)                removing `subscript' on input line 30.


Package hyperref Warning: Token not allowed in a PDF string (PDFDocEncoding):
(hyperref)                removing `math shift' on input line 30.


Package hyperref Warning: Token not allowed in a PDF string (PDFDocEncoding):
(hyperref)                removing `\hbox' on input line 30.


Package hyperref Warning: Token not allowed in a PDF string (PDFDocEncoding):
(hyperref)                removing `math shift' on input line 30.


Package hyperref Warning: Token not allowed in a PDF string (PDFDocEncoding):
(hyperref)                removing `\mathsurround' on input line 30.


Package hyperref Warning: Token not allowed in a PDF string (PDFDocEncoding):
(hyperref)                removing `\z@' on input line 30.


Package hyperref Warning: Token not allowed in a PDF string (PDFDocEncoding):
(hyperref)                removing `\textstyle' on input line 30.


Package hyperref Warning: Token not allowed in a PDF string (PDFDocEncoding):
(hyperref)                removing `subscript' on input line 30.


Package hyperref Warning: Token not allowed in a PDF string (PDFDocEncoding):
(hyperref)                removing `math shift' on input line 30.


Package hyperref Warning: Token not allowed in a PDF string (PDFDocEncoding):
(hyperref)                removing `\hbox' on input line 30.


Package hyperref Warning: Token not allowed in a PDF string (PDFDocEncoding):
(hyperref)                removing `math shift' on input line 30.


Package hyperref Warning: Token not allowed in a PDF string (PDFDocEncoding):
(hyperref)                removing `\mathsurround' on input line 30.


Package hyperref Warning: Token not allowed in a PDF string (PDFDocEncoding):
(hyperref)                removing `\z@' on input line 30.


Package hyperref Warning: Token not allowed in a PDF string (PDFDocEncoding):
(hyperref)                removing `\scriptstyle' on input line 30.


Package hyperref Warning: Token not allowed in a PDF string (PDFDocEncoding):
(hyperref)                removing `subscript' on input line 30.


Package hyperref Warning: Token not allowed in a PDF string (PDFDocEncoding):
(hyperref)                removing `math shift' on input line 30.


Package hyperref Warning: Token not allowed in a PDF string (PDFDocEncoding):
(hyperref)                removing `\hbox' on input line 30.


Package hyperref Warning: Token not allowed in a PDF string (PDFDocEncoding):
(hyperref)                removing `math shift' on input line 30.


Package hyperref Warning: Token not allowed in a PDF string (PDFDocEncoding):
(hyperref)                removing `\mathsurround' on input line 30.


Package hyperref Warning: Token not allowed in a PDF string (PDFDocEncoding):
(hyperref)                removing `\z@' on input line 30.


Package hyperref Warning: Token not allowed in a PDF string (PDFDocEncoding):
(hyperref)                removing `\scriptscriptstyle' on input line 30.


Package hyperref Warning: Token not allowed in a PDF string (PDFDocEncoding):
(hyperref)                removing `subscript' on input line 30.


Package hyperref Warning: Token not allowed in a PDF string (PDFDocEncoding):
(hyperref)                removing `math shift' on input line 30.


Package hyperref Warning: Token not allowed in a PDF string (PDFDocEncoding):
(hyperref)                removing `\endgroup' on input line 30.


Package hyperref Warning: Token not allowed in a PDF string (PDFDocEncoding):
(hyperref)                removing `math shift' on input line 30.


Underfull \hbox (badness 10000) in paragraph at lines 31--32

 []


Underfull \hbox (badness 10000) in paragraph at lines 33--35

 []


Package hyperref Warning: Token not allowed in a PDF string (PDFDocEncoding):
(hyperref)                removing `math shift' on input line 53.


Package hyperref Warning: Token not allowed in a PDF string (PDFDocEncoding):
(hyperref)                removing `\begingroup' on input line 53.


Package hyperref Warning: Token not allowed in a PDF string (PDFDocEncoding):
(hyperref)                removing `\<let>-command' on input line 53.


Package hyperref Warning: Token not allowed in a PDF string (PDFDocEncoding):
(hyperref)                removing `\@nomath' on input line 53.


Package hyperref Warning: Token not allowed in a PDF string (PDFDocEncoding):
(hyperref)                removing `\begingroup' on input line 53.


Package hyperref Warning: Token not allowed in a PDF string (PDFDocEncoding):
(hyperref)                removing `\setbox' on input line 53.


Package hyperref Warning: Token not allowed in a PDF string (PDFDocEncoding):
(hyperref)                removing `\z@' on input line 53.


Package hyperref Warning: Token not allowed in a PDF string (PDFDocEncoding):
(hyperref)                removing `\hbox' on input line 53.


Package hyperref Warning: Token not allowed in a PDF string (PDFDocEncoding):
(hyperref)                removing `\thinmuskip' on input line 53.


Package hyperref Warning: Token not allowed in a PDF string (PDFDocEncoding):
(hyperref)                removing `\medmuskip' on input line 53.


Package hyperref Warning: Token not allowed in a PDF string (PDFDocEncoding):
(hyperref)                removing `\m@ne' on input line 53.


Package hyperref Warning: Token not allowed in a PDF string (PDFDocEncoding):
(hyperref)                removing `\thickmuskip' on input line 53.


Package hyperref Warning: Token not allowed in a PDF string (PDFDocEncoding):
(hyperref)                removing `\@ne' on input line 53.


Package hyperref Warning: Token not allowed in a PDF string (PDFDocEncoding):
(hyperref)                removing `\setbox' on input line 53.


Package hyperref Warning: Token not allowed in a PDF string (PDFDocEncoding):
(hyperref)                removing `\tw@' on input line 53.


Package hyperref Warning: Token not allowed in a PDF string (PDFDocEncoding):
(hyperref)                removing `\hbox' on input line 53.


Package hyperref Warning: Token not allowed in a PDF string (PDFDocEncoding):
(hyperref)                removing `math shift' on input line 53.


Package hyperref Warning: Token not allowed in a PDF string (PDFDocEncoding):
(hyperref)                removing `superscript' on input line 53.


Package hyperref Warning: Token not allowed in a PDF string (PDFDocEncoding):
(hyperref)                removing `subscript' on input line 53.


Package hyperref Warning: Token not allowed in a PDF string (PDFDocEncoding):
(hyperref)                removing `\mathsurround' on input line 53.


Package hyperref Warning: Token not allowed in a PDF string (PDFDocEncoding):
(hyperref)                removing `\z@' on input line 53.


Package hyperref Warning: Token not allowed in a PDF string (PDFDocEncoding):
(hyperref)                removing `math shift' on input line 53.


Package hyperref Warning: Token not allowed in a PDF string (PDFDocEncoding):
(hyperref)                removing `math shift' on input line 53.


Package hyperref Warning: Token not allowed in a PDF string (PDFDocEncoding):
(hyperref)                removing `superscript' on input line 53.


Package hyperref Warning: Token not allowed in a PDF string (PDFDocEncoding):
(hyperref)                removing `subscript' on input line 53.


Package hyperref Warning: Token not allowed in a PDF string (PDFDocEncoding):
(hyperref)                removing `\mathsurround' on input line 53.


Package hyperref Warning: Token not allowed in a PDF string (PDFDocEncoding):
(hyperref)                removing `\z@' on input line 53.


Package hyperref Warning: Token not allowed in a PDF string (PDFDocEncoding):
(hyperref)                removing `math shift' on input line 53.


Package hyperref Warning: Token not allowed in a PDF string (PDFDocEncoding):
(hyperref)                removing `\<def>-command' on input line 53.


Package hyperref Warning: Token not allowed in a PDF string (PDFDocEncoding):
(hyperref)                removing `\@tempa' on input line 53.


Package hyperref Warning: Token not allowed in a PDF string (PDFDocEncoding):
(hyperref)                removing `\mathchoice' on input line 53.


Package hyperref Warning: Token not allowed in a PDF string (PDFDocEncoding):
(hyperref)                removing `\hbox' on input line 53.


Package hyperref Warning: Token not allowed in a PDF string (PDFDocEncoding):
(hyperref)                removing `math shift' on input line 53.


Package hyperref Warning: Token not allowed in a PDF string (PDFDocEncoding):
(hyperref)                removing `\mathsurround' on input line 53.


Package hyperref Warning: Token not allowed in a PDF string (PDFDocEncoding):
(hyperref)                removing `\z@' on input line 53.


Package hyperref Warning: Token not allowed in a PDF string (PDFDocEncoding):
(hyperref)                removing `\displaystyle' on input line 53.


Package hyperref Warning: Token not allowed in a PDF string (PDFDocEncoding):
(hyperref)                removing `superscript' on input line 53.


Package hyperref Warning: Token not allowed in a PDF string (PDFDocEncoding):
(hyperref)                removing `subscript' on input line 53.


Package hyperref Warning: Token not allowed in a PDF string (PDFDocEncoding):
(hyperref)                removing `math shift' on input line 53.


Package hyperref Warning: Token not allowed in a PDF string (PDFDocEncoding):
(hyperref)                removing `\hbox' on input line 53.


Package hyperref Warning: Token not allowed in a PDF string (PDFDocEncoding):
(hyperref)                removing `math shift' on input line 53.


Package hyperref Warning: Token not allowed in a PDF string (PDFDocEncoding):
(hyperref)                removing `\mathsurround' on input line 53.


Package hyperref Warning: Token not allowed in a PDF string (PDFDocEncoding):
(hyperref)                removing `\z@' on input line 53.


Package hyperref Warning: Token not allowed in a PDF string (PDFDocEncoding):
(hyperref)                removing `\textstyle' on input line 53.


Package hyperref Warning: Token not allowed in a PDF string (PDFDocEncoding):
(hyperref)                removing `superscript' on input line 53.


Package hyperref Warning: Token not allowed in a PDF string (PDFDocEncoding):
(hyperref)                removing `subscript' on input line 53.


Package hyperref Warning: Token not allowed in a PDF string (PDFDocEncoding):
(hyperref)                removing `math shift' on input line 53.


Package hyperref Warning: Token not allowed in a PDF string (PDFDocEncoding):
(hyperref)                removing `\hbox' on input line 53.


Package hyperref Warning: Token not allowed in a PDF string (PDFDocEncoding):
(hyperref)                removing `math shift' on input line 53.


Package hyperref Warning: Token not allowed in a PDF string (PDFDocEncoding):
(hyperref)                removing `\mathsurround' on input line 53.


Package hyperref Warning: Token not allowed in a PDF string (PDFDocEncoding):
(hyperref)                removing `\z@' on input line 53.


Package hyperref Warning: Token not allowed in a PDF string (PDFDocEncoding):
(hyperref)                removing `\scriptstyle' on input line 53.


Package hyperref Warning: Token not allowed in a PDF string (PDFDocEncoding):
(hyperref)                removing `superscript' on input line 53.


Package hyperref Warning: Token not allowed in a PDF string (PDFDocEncoding):
(hyperref)                removing `subscript' on input line 53.


Package hyperref Warning: Token not allowed in a PDF string (PDFDocEncoding):
(hyperref)                removing `math shift' on input line 53.


Package hyperref Warning: Token not allowed in a PDF string (PDFDocEncoding):
(hyperref)                removing `\hbox' on input line 53.


Package hyperref Warning: Token not allowed in a PDF string (PDFDocEncoding):
(hyperref)                removing `math shift' on input line 53.


Package hyperref Warning: Token not allowed in a PDF string (PDFDocEncoding):
(hyperref)                removing `\mathsurround' on input line 53.


Package hyperref Warning: Token not allowed in a PDF string (PDFDocEncoding):
(hyperref)                removing `\z@' on input line 53.


Package hyperref Warning: Token not allowed in a PDF string (PDFDocEncoding):
(hyperref)                removing `\scriptscriptstyle' on input line 53.


Package hyperref Warning: Token not allowed in a PDF string (PDFDocEncoding):
(hyperref)                removing `superscript' on input line 53.


Package hyperref Warning: Token not allowed in a PDF string (PDFDocEncoding):
(hyperref)                removing `subscript' on input line 53.


Package hyperref Warning: Token not allowed in a PDF string (PDFDocEncoding):
(hyperref)                removing `math shift' on input line 53.


Package hyperref Warning: Token not allowed in a PDF string (PDFDocEncoding):
(hyperref)                removing `\endgroup' on input line 53.


Package hyperref Warning: Token not allowed in a PDF string (PDFDocEncoding):
(hyperref)                removing `math shift' on input line 53.


Underfull \hbox (badness 10000) in paragraph at lines 54--55

 []

[260]
Underfull \hbox (badness 10000) in paragraph at lines 69--70

 []


Underfull \hbox (badness 10000) in paragraph at lines 71--72

 []


Underfull \hbox (badness 10000) in paragraph at lines 73--74

 []


Underfull \hbox (badness 10000) in paragraph at lines 75--76

 []


Underfull \hbox (badness 10000) in paragraph at lines 77--78

 []

[261]
Underfull \hbox (badness 10000) in paragraph at lines 97--98

 []


Underfull \hbox (badness 10000) in paragraph at lines 114--115

 []


Underfull \hbox (badness 10000) in paragraph at lines 151--153

 []

[262] [263]
Underfull \hbox (badness 10000) in paragraph at lines 203--205

 []

[264]
Underfull \hbox (badness 10000) in paragraph at lines 234--236

 []

[265]
Overfull \hbox (12.50711pt too wide) in paragraph at lines 238--239
\OT1/cmr/m/n/12 Let $\OML/cmm/m/it/12 X \OMS/cmsy/m/n/12 $ \OT1/cmr/m/n/12 Exp
onential($\OML/cmm/m/it/12 $\OT1/cmr/m/n/12 ). The ex-po-nen-tial dis-tri-bu-t
ion is the spe-cial case of Gamma($\OML/cmm/m/it/12 ; $\OT1/cmr/m/n/12 ),
 []


Package hyperref Warning: Token not allowed in a PDF string (PDFDocEncoding):
(hyperref)                removing `math shift' on input line 243.


Package hyperref Warning: Token not allowed in a PDF string (PDFDocEncoding):
(hyperref)                removing `\begingroup' on input line 243.


Package hyperref Warning: Token not allowed in a PDF string (PDFDocEncoding):
(hyperref)                removing `\<let>-command' on input line 243.


Package hyperref Warning: Token not allowed in a PDF string (PDFDocEncoding):
(hyperref)                removing `\@nomath' on input line 243.


Package hyperref Warning: Token not allowed in a PDF string (PDFDocEncoding):
(hyperref)                removing `\begingroup' on input line 243.


Package hyperref Warning: Token not allowed in a PDF string (PDFDocEncoding):
(hyperref)                removing `\setbox' on input line 243.


Package hyperref Warning: Token not allowed in a PDF string (PDFDocEncoding):
(hyperref)                removing `\z@' on input line 243.


Package hyperref Warning: Token not allowed in a PDF string (PDFDocEncoding):
(hyperref)                removing `\hbox' on input line 243.


Package hyperref Warning: Token not allowed in a PDF string (PDFDocEncoding):
(hyperref)                removing `\thinmuskip' on input line 243.


Package hyperref Warning: Token not allowed in a PDF string (PDFDocEncoding):
(hyperref)                removing `\medmuskip' on input line 243.


Package hyperref Warning: Token not allowed in a PDF string (PDFDocEncoding):
(hyperref)                removing `\m@ne' on input line 243.


Package hyperref Warning: Token not allowed in a PDF string (PDFDocEncoding):
(hyperref)                removing `\thickmuskip' on input line 243.


Package hyperref Warning: Token not allowed in a PDF string (PDFDocEncoding):
(hyperref)                removing `\@ne' on input line 243.


Package hyperref Warning: Token not allowed in a PDF string (PDFDocEncoding):
(hyperref)                removing `\setbox' on input line 243.


Package hyperref Warning: Token not allowed in a PDF string (PDFDocEncoding):
(hyperref)                removing `\tw@' on input line 243.


Package hyperref Warning: Token not allowed in a PDF string (PDFDocEncoding):
(hyperref)                removing `\hbox' on input line 243.


Package hyperref Warning: Token not allowed in a PDF string (PDFDocEncoding):
(hyperref)                removing `math shift' on input line 243.


Package hyperref Warning: Token not allowed in a PDF string (PDFDocEncoding):
(hyperref)                removing `\mathsurround' on input line 243.


Package hyperref Warning: Token not allowed in a PDF string (PDFDocEncoding):
(hyperref)                removing `\z@' on input line 243.


Package hyperref Warning: Token not allowed in a PDF string (PDFDocEncoding):
(hyperref)                removing `math shift' on input line 243.


Package hyperref Warning: Token not allowed in a PDF string (PDFDocEncoding):
(hyperref)                removing `math shift' on input line 243.


Package hyperref Warning: Token not allowed in a PDF string (PDFDocEncoding):
(hyperref)                removing `\mathsurround' on input line 243.


Package hyperref Warning: Token not allowed in a PDF string (PDFDocEncoding):
(hyperref)                removing `\z@' on input line 243.


Package hyperref Warning: Token not allowed in a PDF string (PDFDocEncoding):
(hyperref)                removing `math shift' on input line 243.


Package hyperref Warning: Token not allowed in a PDF string (PDFDocEncoding):
(hyperref)                removing `\<def>-command' on input line 243.


Package hyperref Warning: Token not allowed in a PDF string (PDFDocEncoding):
(hyperref)                removing `\@tempa' on input line 243.


Package hyperref Warning: Token not allowed in a PDF string (PDFDocEncoding):
(hyperref)                removing `\mathchoice' on input line 243.


Package hyperref Warning: Token not allowed in a PDF string (PDFDocEncoding):
(hyperref)                removing `\hbox' on input line 243.


Package hyperref Warning: Token not allowed in a PDF string (PDFDocEncoding):
(hyperref)                removing `math shift' on input line 243.


Package hyperref Warning: Token not allowed in a PDF string (PDFDocEncoding):
(hyperref)                removing `\mathsurround' on input line 243.


Package hyperref Warning: Token not allowed in a PDF string (PDFDocEncoding):
(hyperref)                removing `\z@' on input line 243.


Package hyperref Warning: Token not allowed in a PDF string (PDFDocEncoding):
(hyperref)                removing `\displaystyle' on input line 243.


Package hyperref Warning: Token not allowed in a PDF string (PDFDocEncoding):
(hyperref)                removing `math shift' on input line 243.


Package hyperref Warning: Token not allowed in a PDF string (PDFDocEncoding):
(hyperref)                removing `\hbox' on input line 243.


Package hyperref Warning: Token not allowed in a PDF string (PDFDocEncoding):
(hyperref)                removing `math shift' on input line 243.


Package hyperref Warning: Token not allowed in a PDF string (PDFDocEncoding):
(hyperref)                removing `\mathsurround' on input line 243.


Package hyperref Warning: Token not allowed in a PDF string (PDFDocEncoding):
(hyperref)                removing `\z@' on input line 243.


Package hyperref Warning: Token not allowed in a PDF string (PDFDocEncoding):
(hyperref)                removing `\textstyle' on input line 243.


Package hyperref Warning: Token not allowed in a PDF string (PDFDocEncoding):
(hyperref)                removing `math shift' on input line 243.


Package hyperref Warning: Token not allowed in a PDF string (PDFDocEncoding):
(hyperref)                removing `\hbox' on input line 243.


Package hyperref Warning: Token not allowed in a PDF string (PDFDocEncoding):
(hyperref)                removing `math shift' on input line 243.


Package hyperref Warning: Token not allowed in a PDF string (PDFDocEncoding):
(hyperref)                removing `\mathsurround' on input line 243.


Package hyperref Warning: Token not allowed in a PDF string (PDFDocEncoding):
(hyperref)                removing `\z@' on input line 243.


Package hyperref Warning: Token not allowed in a PDF string (PDFDocEncoding):
(hyperref)                removing `\scriptstyle' on input line 243.


Package hyperref Warning: Token not allowed in a PDF string (PDFDocEncoding):
(hyperref)                removing `math shift' on input line 243.


Package hyperref Warning: Token not allowed in a PDF string (PDFDocEncoding):
(hyperref)                removing `\hbox' on input line 243.


Package hyperref Warning: Token not allowed in a PDF string (PDFDocEncoding):
(hyperref)                removing `math shift' on input line 243.


Package hyperref Warning: Token not allowed in a PDF string (PDFDocEncoding):
(hyperref)                removing `\mathsurround' on input line 243.


Package hyperref Warning: Token not allowed in a PDF string (PDFDocEncoding):
(hyperref)                removing `\z@' on input line 243.


Package hyperref Warning: Token not allowed in a PDF string (PDFDocEncoding):
(hyperref)                removing `\scriptscriptstyle' on input line 243.


Package hyperref Warning: Token not allowed in a PDF string (PDFDocEncoding):
(hyperref)                removing `math shift' on input line 243.


Package hyperref Warning: Token not allowed in a PDF string (PDFDocEncoding):
(hyperref)                removing `\endgroup' on input line 243.


Package hyperref Warning: Token not allowed in a PDF string (PDFDocEncoding):
(hyperref)                removing `math shift' on input line 243.


Underfull \hbox (badness 10000) in paragraph at lines 244--245

 []


Underfull \hbox (badness 10000) in paragraph at lines 286--288

 []


Underfull \hbox (badness 10000) in paragraph at lines 289--290

 []

[266]
Underfull \hbox (badness 10000) in paragraph at lines 326--328

 []


Underfull \hbox (badness 10000) in paragraph at lines 337--339

 []

[267]
Underfull \hbox (badness 10000) in paragraph at lines 343--345

 []

) [268]
\openout2 = `chapters/Lecture23.aux'.

 (chapters/Lecture23.tex
Chapter 23.

Underfull \hbox (badness 10000) in paragraph at lines 4--5

 []


Underfull \hbox (badness 10000) in paragraph at lines 22--23

 []


Underfull \hbox (badness 10000) in paragraph at lines 27--29

 []

[269



]
Underfull \hbox (badness 10000) in paragraph at lines 42--44

 []


Underfull \hbox (badness 10000) in paragraph at lines 62--63

 []


Underfull \hbox (badness 10000) in paragraph at lines 64--65

 []


Package Fancyhdr Warning: \headheight is too small (15.0pt): 
 Make it at least 27.18335pt.
 We now make it that large for the rest of the document.
 This may cause the page layout to be inconsistent, however.

[270]
Underfull \hbox (badness 10000) in paragraph at lines 77--79

 []


Underfull \hbox (badness 10000) in paragraph at lines 99--100

 []


Underfull \hbox (badness 10000) in paragraph at lines 101--102

 []

[271]
Underfull \hbox (badness 10000) in paragraph at lines 120--121

 []


Underfull \hbox (badness 10000) in paragraph at lines 164--165

 []


Package Fancyhdr Warning: \headheight is too small (15.0pt): 
 Make it at least 27.18335pt.
 We now make it that large for the rest of the document.
 This may cause the page layout to be inconsistent, however.

[272]
Underfull \hbox (badness 10000) in paragraph at lines 182--183

 []


Underfull \hbox (badness 10000) in paragraph at lines 199--201

 []


Underfull \hbox (badness 10000) in paragraph at lines 204--205

 []

[273]
Underfull \hbox (badness 10000) in paragraph at lines 219--221

 []


Underfull \hbox (badness 10000) in paragraph at lines 239--240

 []


Package Fancyhdr Warning: \headheight is too small (15.0pt): 
 Make it at least 27.18335pt.
 We now make it that large for the rest of the document.
 This may cause the page layout to be inconsistent, however.

[274]
Underfull \hbox (badness 10000) in paragraph at lines 278--279

 []


Underfull \hbox (badness 10000) in paragraph at lines 280--281

 []


Underfull \hbox (badness 10000) in paragraph at lines 282--283

 []

[275]
Underfull \hbox (badness 10000) in paragraph at lines 306--307

 []


Underfull \hbox (badness 10000) in paragraph at lines 332--333

 []


Underfull \hbox (badness 10000) in paragraph at lines 337--339

 []


Package Fancyhdr Warning: \headheight is too small (15.0pt): 
 Make it at least 27.18335pt.
 We now make it that large for the rest of the document.
 This may cause the page layout to be inconsistent, however.

[276]
Underfull \hbox (badness 10000) in paragraph at lines 354--355

 []


Underfull \hbox (badness 10000) in paragraph at lines 359--361

 []

) [277]
\openout2 = `chapters/Lecture24.aux'.

 (chapters/Lecture24.tex
Chapter 24.

Package hyperref Warning: Difference (2) between bookmark levels is greater 
(hyperref)                than one, level fixed on input line 3.

[278



]
Underfull \hbox (badness 10000) in paragraph at lines 39--41

 []


Underfull \hbox (badness 10000) in paragraph at lines 42--44

 []


Underfull \hbox (badness 10000) in paragraph at lines 54--56

 []


Underfull \hbox (badness 10000) in paragraph at lines 57--59

 []

[279]
Overfull \hbox (17.60226pt too wide) in paragraph at lines 65--65
[] 
 []


Underfull \hbox (badness 10000) in paragraph at lines 67--69

 []


Underfull \hbox (badness 10000) in paragraph at lines 78--79

 []

[280]
Underfull \hbox (badness 10000) in paragraph at lines 111--113

 []


Overfull \hbox (6.4444pt too wide) in paragraph at lines 127--127
[] 
 []

[281]
Underfull \hbox (badness 10000) in paragraph at lines 131--133

 []

[282]
Underfull \hbox (badness 10000) in paragraph at lines 215--216

 []


Underfull \hbox (badness 10000) in paragraph at lines 217--218

 []

[283]) [284]
\openout2 = `chapters/Lecture25.aux'.

 (chapters/Lecture25.tex
Chapter 25.

Underfull \hbox (badness 10000) in paragraph at lines 2--3

 []


Underfull \hbox (badness 10000) in paragraph at lines 29--30

 []

[285



]
Underfull \hbox (badness 10000) in paragraph at lines 43--44

 []


Underfull \hbox (badness 10000) in paragraph at lines 45--46

 []


Underfull \hbox (badness 10000) in paragraph at lines 50--52

 []

[286]

Package hyperref Warning: Difference (2) between bookmark levels is greater 
(hyperref)                than one, level fixed on input line 75.


Underfull \hbox (badness 10000) in paragraph at lines 76--77

 []

[287]
Underfull \hbox (badness 10000) in paragraph at lines 109--110

 []

[288]
Underfull \hbox (badness 10000) in paragraph at lines 152--154

 []

[289]
Underfull \hbox (badness 10000) in paragraph at lines 188--189

 []

[290]
Underfull \hbox (badness 10000) in paragraph at lines 230--232

 []

[291]

Package hyperref Warning: Token not allowed in a PDF string (PDFDocEncoding):
(hyperref)                removing `math shift' on input line 269.


Package hyperref Warning: Token not allowed in a PDF string (PDFDocEncoding):
(hyperref)                removing `\begingroup' on input line 269.


Package hyperref Warning: Token not allowed in a PDF string (PDFDocEncoding):
(hyperref)                removing `\<let>-command' on input line 269.


Package hyperref Warning: Token not allowed in a PDF string (PDFDocEncoding):
(hyperref)                removing `\@nomath' on input line 269.


Package hyperref Warning: Token not allowed in a PDF string (PDFDocEncoding):
(hyperref)                removing `\begingroup' on input line 269.


Package hyperref Warning: Token not allowed in a PDF string (PDFDocEncoding):
(hyperref)                removing `\setbox' on input line 269.


Package hyperref Warning: Token not allowed in a PDF string (PDFDocEncoding):
(hyperref)                removing `\z@' on input line 269.


Package hyperref Warning: Token not allowed in a PDF string (PDFDocEncoding):
(hyperref)                removing `\hbox' on input line 269.


Package hyperref Warning: Token not allowed in a PDF string (PDFDocEncoding):
(hyperref)                removing `\thinmuskip' on input line 269.


Package hyperref Warning: Token not allowed in a PDF string (PDFDocEncoding):
(hyperref)                removing `\medmuskip' on input line 269.


Package hyperref Warning: Token not allowed in a PDF string (PDFDocEncoding):
(hyperref)                removing `\m@ne' on input line 269.


Package hyperref Warning: Token not allowed in a PDF string (PDFDocEncoding):
(hyperref)                removing `\thickmuskip' on input line 269.


Package hyperref Warning: Token not allowed in a PDF string (PDFDocEncoding):
(hyperref)                removing `\@ne' on input line 269.


Package hyperref Warning: Token not allowed in a PDF string (PDFDocEncoding):
(hyperref)                removing `\setbox' on input line 269.


Package hyperref Warning: Token not allowed in a PDF string (PDFDocEncoding):
(hyperref)                removing `\tw@' on input line 269.


Package hyperref Warning: Token not allowed in a PDF string (PDFDocEncoding):
(hyperref)                removing `\hbox' on input line 269.


Package hyperref Warning: Token not allowed in a PDF string (PDFDocEncoding):
(hyperref)                removing `math shift' on input line 269.


Package hyperref Warning: Token not allowed in a PDF string (PDFDocEncoding):
(hyperref)                removing `\Gamma' on input line 269.


Package hyperref Warning: Token not allowed in a PDF string (PDFDocEncoding):
(hyperref)                removing `\left' on input line 269.


Package hyperref Warning: Token not allowed in a PDF string (PDFDocEncoding):
(hyperref)                removing `\begingroup' on input line 269.


Package hyperref Warning: Token not allowed in a PDF string (PDFDocEncoding):
(hyperref)                removing `\endgroup' on input line 269.


Package hyperref Warning: Token not allowed in a PDF string (PDFDocEncoding):
(hyperref)                removing `\@@over' on input line 269.


Package hyperref Warning: Token not allowed in a PDF string (PDFDocEncoding):
(hyperref)                removing `\right' on input line 269.


Package hyperref Warning: Token not allowed in a PDF string (PDFDocEncoding):
(hyperref)                removing `\@ifnextchar' on input line 269.


Package hyperref Warning: Token not allowed in a PDF string (PDFDocEncoding):
(hyperref)                removing `\pi' on input line 269.


Package hyperref Warning: Token not allowed in a PDF string (PDFDocEncoding):
(hyperref)                removing `\mathsurround' on input line 269.


Package hyperref Warning: Token not allowed in a PDF string (PDFDocEncoding):
(hyperref)                removing `\z@' on input line 269.


Package hyperref Warning: Token not allowed in a PDF string (PDFDocEncoding):
(hyperref)                removing `math shift' on input line 269.


Package hyperref Warning: Token not allowed in a PDF string (PDFDocEncoding):
(hyperref)                removing `math shift' on input line 269.


Package hyperref Warning: Token not allowed in a PDF string (PDFDocEncoding):
(hyperref)                removing `\Gamma' on input line 269.


Package hyperref Warning: Token not allowed in a PDF string (PDFDocEncoding):
(hyperref)                removing `\left' on input line 269.


Package hyperref Warning: Token not allowed in a PDF string (PDFDocEncoding):
(hyperref)                removing `\begingroup' on input line 269.


Package hyperref Warning: Token not allowed in a PDF string (PDFDocEncoding):
(hyperref)                removing `\endgroup' on input line 269.


Package hyperref Warning: Token not allowed in a PDF string (PDFDocEncoding):
(hyperref)                removing `\@@over' on input line 269.


Package hyperref Warning: Token not allowed in a PDF string (PDFDocEncoding):
(hyperref)                removing `\right' on input line 269.


Package hyperref Warning: Token not allowed in a PDF string (PDFDocEncoding):
(hyperref)                removing `\@ifnextchar' on input line 269.


Package hyperref Warning: Token not allowed in a PDF string (PDFDocEncoding):
(hyperref)                removing `\pi' on input line 269.


Package hyperref Warning: Token not allowed in a PDF string (PDFDocEncoding):
(hyperref)                removing `\mathsurround' on input line 269.


Package hyperref Warning: Token not allowed in a PDF string (PDFDocEncoding):
(hyperref)                removing `\z@' on input line 269.


Package hyperref Warning: Token not allowed in a PDF string (PDFDocEncoding):
(hyperref)                removing `math shift' on input line 269.


Package hyperref Warning: Token not allowed in a PDF string (PDFDocEncoding):
(hyperref)                removing `\<def>-command' on input line 269.


Package hyperref Warning: Token not allowed in a PDF string (PDFDocEncoding):
(hyperref)                removing `\@tempa' on input line 269.


Package hyperref Warning: Token not allowed in a PDF string (PDFDocEncoding):
(hyperref)                removing `\mathchoice' on input line 269.


Package hyperref Warning: Token not allowed in a PDF string (PDFDocEncoding):
(hyperref)                removing `\hbox' on input line 269.


Package hyperref Warning: Token not allowed in a PDF string (PDFDocEncoding):
(hyperref)                removing `math shift' on input line 269.


Package hyperref Warning: Token not allowed in a PDF string (PDFDocEncoding):
(hyperref)                removing `\mathsurround' on input line 269.


Package hyperref Warning: Token not allowed in a PDF string (PDFDocEncoding):
(hyperref)                removing `\z@' on input line 269.


Package hyperref Warning: Token not allowed in a PDF string (PDFDocEncoding):
(hyperref)                removing `\displaystyle' on input line 269.


Package hyperref Warning: Token not allowed in a PDF string (PDFDocEncoding):
(hyperref)                removing `\Gamma' on input line 269.


Package hyperref Warning: Token not allowed in a PDF string (PDFDocEncoding):
(hyperref)                removing `\left' on input line 269.


Package hyperref Warning: Token not allowed in a PDF string (PDFDocEncoding):
(hyperref)                removing `\begingroup' on input line 269.


Package hyperref Warning: Token not allowed in a PDF string (PDFDocEncoding):
(hyperref)                removing `\endgroup' on input line 269.


Package hyperref Warning: Token not allowed in a PDF string (PDFDocEncoding):
(hyperref)                removing `\@@over' on input line 269.


Package hyperref Warning: Token not allowed in a PDF string (PDFDocEncoding):
(hyperref)                removing `\right' on input line 269.


Package hyperref Warning: Token not allowed in a PDF string (PDFDocEncoding):
(hyperref)                removing `\@ifnextchar' on input line 269.


Package hyperref Warning: Token not allowed in a PDF string (PDFDocEncoding):
(hyperref)                removing `\pi' on input line 269.


Package hyperref Warning: Token not allowed in a PDF string (PDFDocEncoding):
(hyperref)                removing `math shift' on input line 269.


Package hyperref Warning: Token not allowed in a PDF string (PDFDocEncoding):
(hyperref)                removing `\hbox' on input line 269.


Package hyperref Warning: Token not allowed in a PDF string (PDFDocEncoding):
(hyperref)                removing `math shift' on input line 269.


Package hyperref Warning: Token not allowed in a PDF string (PDFDocEncoding):
(hyperref)                removing `\mathsurround' on input line 269.


Package hyperref Warning: Token not allowed in a PDF string (PDFDocEncoding):
(hyperref)                removing `\z@' on input line 269.


Package hyperref Warning: Token not allowed in a PDF string (PDFDocEncoding):
(hyperref)                removing `\textstyle' on input line 269.


Package hyperref Warning: Token not allowed in a PDF string (PDFDocEncoding):
(hyperref)                removing `\Gamma' on input line 269.


Package hyperref Warning: Token not allowed in a PDF string (PDFDocEncoding):
(hyperref)                removing `\left' on input line 269.


Package hyperref Warning: Token not allowed in a PDF string (PDFDocEncoding):
(hyperref)                removing `\begingroup' on input line 269.


Package hyperref Warning: Token not allowed in a PDF string (PDFDocEncoding):
(hyperref)                removing `\endgroup' on input line 269.


Package hyperref Warning: Token not allowed in a PDF string (PDFDocEncoding):
(hyperref)                removing `\@@over' on input line 269.


Package hyperref Warning: Token not allowed in a PDF string (PDFDocEncoding):
(hyperref)                removing `\right' on input line 269.


Package hyperref Warning: Token not allowed in a PDF string (PDFDocEncoding):
(hyperref)                removing `\@ifnextchar' on input line 269.


Package hyperref Warning: Token not allowed in a PDF string (PDFDocEncoding):
(hyperref)                removing `\pi' on input line 269.


Package hyperref Warning: Token not allowed in a PDF string (PDFDocEncoding):
(hyperref)                removing `math shift' on input line 269.


Package hyperref Warning: Token not allowed in a PDF string (PDFDocEncoding):
(hyperref)                removing `\hbox' on input line 269.


Package hyperref Warning: Token not allowed in a PDF string (PDFDocEncoding):
(hyperref)                removing `math shift' on input line 269.


Package hyperref Warning: Token not allowed in a PDF string (PDFDocEncoding):
(hyperref)                removing `\mathsurround' on input line 269.


Package hyperref Warning: Token not allowed in a PDF string (PDFDocEncoding):
(hyperref)                removing `\z@' on input line 269.


Package hyperref Warning: Token not allowed in a PDF string (PDFDocEncoding):
(hyperref)                removing `\scriptstyle' on input line 269.


Package hyperref Warning: Token not allowed in a PDF string (PDFDocEncoding):
(hyperref)                removing `\Gamma' on input line 269.


Package hyperref Warning: Token not allowed in a PDF string (PDFDocEncoding):
(hyperref)                removing `\left' on input line 269.


Package hyperref Warning: Token not allowed in a PDF string (PDFDocEncoding):
(hyperref)                removing `\begingroup' on input line 269.


Package hyperref Warning: Token not allowed in a PDF string (PDFDocEncoding):
(hyperref)                removing `\endgroup' on input line 269.


Package hyperref Warning: Token not allowed in a PDF string (PDFDocEncoding):
(hyperref)                removing `\@@over' on input line 269.


Package hyperref Warning: Token not allowed in a PDF string (PDFDocEncoding):
(hyperref)                removing `\right' on input line 269.


Package hyperref Warning: Token not allowed in a PDF string (PDFDocEncoding):
(hyperref)                removing `\@ifnextchar' on input line 269.


Package hyperref Warning: Token not allowed in a PDF string (PDFDocEncoding):
(hyperref)                removing `\pi' on input line 269.


Package hyperref Warning: Token not allowed in a PDF string (PDFDocEncoding):
(hyperref)                removing `math shift' on input line 269.


Package hyperref Warning: Token not allowed in a PDF string (PDFDocEncoding):
(hyperref)                removing `\hbox' on input line 269.


Package hyperref Warning: Token not allowed in a PDF string (PDFDocEncoding):
(hyperref)                removing `math shift' on input line 269.


Package hyperref Warning: Token not allowed in a PDF string (PDFDocEncoding):
(hyperref)                removing `\mathsurround' on input line 269.


Package hyperref Warning: Token not allowed in a PDF string (PDFDocEncoding):
(hyperref)                removing `\z@' on input line 269.


Package hyperref Warning: Token not allowed in a PDF string (PDFDocEncoding):
(hyperref)                removing `\scriptscriptstyle' on input line 269.


Package hyperref Warning: Token not allowed in a PDF string (PDFDocEncoding):
(hyperref)                removing `\Gamma' on input line 269.


Package hyperref Warning: Token not allowed in a PDF string (PDFDocEncoding):
(hyperref)                removing `\left' on input line 269.


Package hyperref Warning: Token not allowed in a PDF string (PDFDocEncoding):
(hyperref)                removing `\begingroup' on input line 269.


Package hyperref Warning: Token not allowed in a PDF string (PDFDocEncoding):
(hyperref)                removing `\endgroup' on input line 269.


Package hyperref Warning: Token not allowed in a PDF string (PDFDocEncoding):
(hyperref)                removing `\@@over' on input line 269.


Package hyperref Warning: Token not allowed in a PDF string (PDFDocEncoding):
(hyperref)                removing `\right' on input line 269.


Package hyperref Warning: Token not allowed in a PDF string (PDFDocEncoding):
(hyperref)                removing `\@ifnextchar' on input line 269.


Package hyperref Warning: Token not allowed in a PDF string (PDFDocEncoding):
(hyperref)                removing `\pi' on input line 269.


Package hyperref Warning: Token not allowed in a PDF string (PDFDocEncoding):
(hyperref)                removing `math shift' on input line 269.


Package hyperref Warning: Token not allowed in a PDF string (PDFDocEncoding):
(hyperref)                removing `\endgroup' on input line 269.


Package hyperref Warning: Token not allowed in a PDF string (PDFDocEncoding):
(hyperref)                removing `math shift' on input line 269.

[292]) [293]
\openout2 = `chapters/Lecture26.aux'.

 (chapters/Lecture26.tex
Chapter 26.

Underfull \hbox (badness 10000) in paragraph at lines 2--3

 []


Underfull \hbox (badness 10000) in paragraph at lines 4--5

 []


Package hyperref Warning: Difference (2) between bookmark levels is greater 
(hyperref)                than one, level fixed on input line 8.


Underfull \hbox (badness 10000) in paragraph at lines 30--31

 []

[294



]
Underfull \hbox (badness 10000) in paragraph at lines 41--43

 []


Underfull \hbox (badness 10000) in paragraph at lines 44--45

 []


Underfull \hbox (badness 10000) in paragraph at lines 76--77

 []

[295]
Underfull \hbox (badness 10000) in paragraph at lines 101--103

 []


Underfull \hbox (badness 10000) in paragraph at lines 105--106

 []


Overfull \hbox (6.28918pt too wide) in paragraph at lines 115--125
[] []
 []

[296] [297]
Overfull \hbox (2.91516pt too wide) in paragraph at lines 235--236
\OT1/cmr/m/n/12 In sec-tion [][]10.2[][] we met the bi-no-mial dis-tri-bu-tion,
 Bin($\OML/cmm/m/it/12 n; p$\OT1/cmr/m/n/12 ), with $\OML/cmm/m/it/12 n$ \OT1/c
mr/m/n/12 in-de-pen-dent Bernoulli
 []


Underfull \hbox (badness 10000) in paragraph at lines 235--236

 []


Underfull \hbox (badness 10000) in paragraph at lines 237--238

 []


Underfull \hbox (badness 10000) in paragraph at lines 239--240

 []

[298]
Underfull \hbox (badness 10000) in paragraph at lines 252--254

 []


Underfull \hbox (badness 10000) in paragraph at lines 260--262

 []

[299]
Underfull \hbox (badness 10000) in paragraph at lines 285--286

 []


Underfull \hbox (badness 10000) in paragraph at lines 289--290

 []


Underfull \hbox (badness 10000) in paragraph at lines 307--308

 []

[300]
Underfull \hbox (badness 10000) in paragraph at lines 317--318

 []


Underfull \hbox (badness 10000) in paragraph at lines 319--320

 []


Underfull \hbox (badness 10000) in paragraph at lines 328--330

 []

[301]
Underfull \hbox (badness 10000) in paragraph at lines 347--348

 []

) [302]
\openout2 = `chapters/Lecture27.aux'.

 (chapters/Lecture27.tex
Chapter 27.

Underfull \hbox (badness 10000) in paragraph at lines 21--22

 []


Underfull \hbox (badness 10000) in paragraph at lines 39--40

 []

[303



]
Underfull \hbox (badness 10000) in paragraph at lines 47--48

 []


Underfull \hbox (badness 10000) in paragraph at lines 71--73

 []

[304]
Underfull \hbox (badness 10000) in paragraph at lines 85--87

 []

[305]
Underfull \hbox (badness 10000) in paragraph at lines 119--121

 []

[306]
Underfull \hbox (badness 10000) in paragraph at lines 171--172

 []

[307]
Underfull \hbox (badness 10000) in paragraph at lines 208--209

 []


Underfull \hbox (badness 10000) in paragraph at lines 238--239

 []

[308]
Underfull \hbox (badness 10000) in paragraph at lines 254--256

 []


Package hyperref Warning: Token not allowed in a PDF string (PDFDocEncoding):
(hyperref)                removing `math shift' on input line 267.


Package hyperref Warning: Token not allowed in a PDF string (PDFDocEncoding):
(hyperref)                removing `\begingroup' on input line 267.


Package hyperref Warning: Token not allowed in a PDF string (PDFDocEncoding):
(hyperref)                removing `\<let>-command' on input line 267.


Package hyperref Warning: Token not allowed in a PDF string (PDFDocEncoding):
(hyperref)                removing `\@nomath' on input line 267.


Package hyperref Warning: Token not allowed in a PDF string (PDFDocEncoding):
(hyperref)                removing `\begingroup' on input line 267.


Package hyperref Warning: Token not allowed in a PDF string (PDFDocEncoding):
(hyperref)                removing `\setbox' on input line 267.


Package hyperref Warning: Token not allowed in a PDF string (PDFDocEncoding):
(hyperref)                removing `\z@' on input line 267.


Package hyperref Warning: Token not allowed in a PDF string (PDFDocEncoding):
(hyperref)                removing `\hbox' on input line 267.


Package hyperref Warning: Token not allowed in a PDF string (PDFDocEncoding):
(hyperref)                removing `\thinmuskip' on input line 267.


Package hyperref Warning: Token not allowed in a PDF string (PDFDocEncoding):
(hyperref)                removing `\medmuskip' on input line 267.


Package hyperref Warning: Token not allowed in a PDF string (PDFDocEncoding):
(hyperref)                removing `\m@ne' on input line 267.


Package hyperref Warning: Token not allowed in a PDF string (PDFDocEncoding):
(hyperref)                removing `\thickmuskip' on input line 267.


Package hyperref Warning: Token not allowed in a PDF string (PDFDocEncoding):
(hyperref)                removing `\@ne' on input line 267.


Package hyperref Warning: Token not allowed in a PDF string (PDFDocEncoding):
(hyperref)                removing `\setbox' on input line 267.


Package hyperref Warning: Token not allowed in a PDF string (PDFDocEncoding):
(hyperref)                removing `\tw@' on input line 267.


Package hyperref Warning: Token not allowed in a PDF string (PDFDocEncoding):
(hyperref)                removing `\hbox' on input line 267.


Package hyperref Warning: Token not allowed in a PDF string (PDFDocEncoding):
(hyperref)                removing `math shift' on input line 267.


Package hyperref Warning: Token not allowed in a PDF string (PDFDocEncoding):
(hyperref)                removing `subscript' on input line 267.


Package hyperref Warning: Token not allowed in a PDF string (PDFDocEncoding):
(hyperref)                removing `\mathsurround' on input line 267.


Package hyperref Warning: Token not allowed in a PDF string (PDFDocEncoding):
(hyperref)                removing `\z@' on input line 267.


Package hyperref Warning: Token not allowed in a PDF string (PDFDocEncoding):
(hyperref)                removing `math shift' on input line 267.


Package hyperref Warning: Token not allowed in a PDF string (PDFDocEncoding):
(hyperref)                removing `math shift' on input line 267.


Package hyperref Warning: Token not allowed in a PDF string (PDFDocEncoding):
(hyperref)                removing `subscript' on input line 267.


Package hyperref Warning: Token not allowed in a PDF string (PDFDocEncoding):
(hyperref)                removing `\mathsurround' on input line 267.


Package hyperref Warning: Token not allowed in a PDF string (PDFDocEncoding):
(hyperref)                removing `\z@' on input line 267.


Package hyperref Warning: Token not allowed in a PDF string (PDFDocEncoding):
(hyperref)                removing `math shift' on input line 267.


Package hyperref Warning: Token not allowed in a PDF string (PDFDocEncoding):
(hyperref)                removing `\<def>-command' on input line 267.


Package hyperref Warning: Token not allowed in a PDF string (PDFDocEncoding):
(hyperref)                removing `\@tempa' on input line 267.


Package hyperref Warning: Token not allowed in a PDF string (PDFDocEncoding):
(hyperref)                removing `\mathchoice' on input line 267.


Package hyperref Warning: Token not allowed in a PDF string (PDFDocEncoding):
(hyperref)                removing `\hbox' on input line 267.


Package hyperref Warning: Token not allowed in a PDF string (PDFDocEncoding):
(hyperref)                removing `math shift' on input line 267.


Package hyperref Warning: Token not allowed in a PDF string (PDFDocEncoding):
(hyperref)                removing `\mathsurround' on input line 267.


Package hyperref Warning: Token not allowed in a PDF string (PDFDocEncoding):
(hyperref)                removing `\z@' on input line 267.


Package hyperref Warning: Token not allowed in a PDF string (PDFDocEncoding):
(hyperref)                removing `\displaystyle' on input line 267.


Package hyperref Warning: Token not allowed in a PDF string (PDFDocEncoding):
(hyperref)                removing `subscript' on input line 267.


Package hyperref Warning: Token not allowed in a PDF string (PDFDocEncoding):
(hyperref)                removing `math shift' on input line 267.


Package hyperref Warning: Token not allowed in a PDF string (PDFDocEncoding):
(hyperref)                removing `\hbox' on input line 267.


Package hyperref Warning: Token not allowed in a PDF string (PDFDocEncoding):
(hyperref)                removing `math shift' on input line 267.


Package hyperref Warning: Token not allowed in a PDF string (PDFDocEncoding):
(hyperref)                removing `\mathsurround' on input line 267.


Package hyperref Warning: Token not allowed in a PDF string (PDFDocEncoding):
(hyperref)                removing `\z@' on input line 267.


Package hyperref Warning: Token not allowed in a PDF string (PDFDocEncoding):
(hyperref)                removing `\textstyle' on input line 267.


Package hyperref Warning: Token not allowed in a PDF string (PDFDocEncoding):
(hyperref)                removing `subscript' on input line 267.


Package hyperref Warning: Token not allowed in a PDF string (PDFDocEncoding):
(hyperref)                removing `math shift' on input line 267.


Package hyperref Warning: Token not allowed in a PDF string (PDFDocEncoding):
(hyperref)                removing `\hbox' on input line 267.


Package hyperref Warning: Token not allowed in a PDF string (PDFDocEncoding):
(hyperref)                removing `math shift' on input line 267.


Package hyperref Warning: Token not allowed in a PDF string (PDFDocEncoding):
(hyperref)                removing `\mathsurround' on input line 267.


Package hyperref Warning: Token not allowed in a PDF string (PDFDocEncoding):
(hyperref)                removing `\z@' on input line 267.


Package hyperref Warning: Token not allowed in a PDF string (PDFDocEncoding):
(hyperref)                removing `\scriptstyle' on input line 267.


Package hyperref Warning: Token not allowed in a PDF string (PDFDocEncoding):
(hyperref)                removing `subscript' on input line 267.


Package hyperref Warning: Token not allowed in a PDF string (PDFDocEncoding):
(hyperref)                removing `math shift' on input line 267.


Package hyperref Warning: Token not allowed in a PDF string (PDFDocEncoding):
(hyperref)                removing `\hbox' on input line 267.


Package hyperref Warning: Token not allowed in a PDF string (PDFDocEncoding):
(hyperref)                removing `math shift' on input line 267.


Package hyperref Warning: Token not allowed in a PDF string (PDFDocEncoding):
(hyperref)                removing `\mathsurround' on input line 267.


Package hyperref Warning: Token not allowed in a PDF string (PDFDocEncoding):
(hyperref)                removing `\z@' on input line 267.


Package hyperref Warning: Token not allowed in a PDF string (PDFDocEncoding):
(hyperref)                removing `\scriptscriptstyle' on input line 267.


Package hyperref Warning: Token not allowed in a PDF string (PDFDocEncoding):
(hyperref)                removing `subscript' on input line 267.


Package hyperref Warning: Token not allowed in a PDF string (PDFDocEncoding):
(hyperref)                removing `math shift' on input line 267.


Package hyperref Warning: Token not allowed in a PDF string (PDFDocEncoding):
(hyperref)                removing `\endgroup' on input line 267.


Package hyperref Warning: Token not allowed in a PDF string (PDFDocEncoding):
(hyperref)                removing `math shift' on input line 267.


Underfull \hbox (badness 10000) in paragraph at lines 281--283

 []

[309] [310]
Underfull \hbox (badness 10000) in paragraph at lines 352--353

 []


Underfull \hbox (badness 10000) in paragraph at lines 354--355

 []


Underfull \hbox (badness 10000) in paragraph at lines 359--360

 []


Overfull \hbox (21.92966pt too wide) in paragraph at lines 365--367
\OT1/cmr/m/n/12 And $\OML/cmm/m/it/12 f[]\OT1/cmr/m/n/12 (\OML/cmm/m/it/12 x\OM
S/cmsy/m/n/12 j\OML/cmm/m/it/12 y\OT1/cmr/m/n/12 ) = 0$ else-where. Now, the qu
es-tion also asks us to find $\OML/cmm/m/it/12 P []$\OT1/cmr/m/n/12 .
 []

[311]
Underfull \hbox (badness 10000) in paragraph at lines 433--434

 []

[312]
Underfull \hbox (badness 10000) in paragraph at lines 444--445

 []

) [313]
\openout2 = `chapters/Lecture28.aux'.

 (chapters/Lecture28.tex
Chapter 28.

Underfull \hbox (badness 10000) in paragraph at lines 33--34

 []

[314



]
Underfull \hbox (badness 10000) in paragraph at lines 66--67

 []


Underfull \hbox (badness 10000) in paragraph at lines 68--69

 []


Underfull \hbox (badness 10000) in paragraph at lines 102--103

 []

[315] [316]
Underfull \hbox (badness 10000) in paragraph at lines 152--154

 []


Underfull \hbox (badness 10000) in paragraph at lines 158--159

 []


Underfull \hbox (badness 10000) in paragraph at lines 194--195

 []

[317]
Underfull \hbox (badness 10000) in paragraph at lines 205--206

 []


Underfull \hbox (badness 10000) in paragraph at lines 219--220

 []


Underfull \hbox (badness 10000) in paragraph at lines 221--223

 []

[318]
Underfull \hbox (badness 10000) in paragraph at lines 231--233

 []


Underfull \hbox (badness 10000) in paragraph at lines 245--247

 []

[319]
Underfull \hbox (badness 10000) in paragraph at lines 286--287

 []


Underfull \hbox (badness 10000) in paragraph at lines 299--300

 []


Underfull \hbox (badness 10000) in paragraph at lines 312--314

 []


Underfull \hbox (badness 10000) in paragraph at lines 322--324

 []

[320]) [321]
\openout2 = `chapters/Lecture29.aux'.

 (chapters/Lecture29.tex
Chapter 29.

Underfull \hbox (badness 10000) in paragraph at lines 2--3

 []


Underfull \hbox (badness 10000) in paragraph at lines 4--5

 []


Underfull \hbox (badness 10000) in paragraph at lines 6--7

 []


Underfull \hbox (badness 10000) in paragraph at lines 24--25

 []


Underfull \hbox (badness 10000) in paragraph at lines 26--28

 []


Underfull \hbox (badness 10000) in paragraph at lines 29--30

 []

[322



]
Underfull \hbox (badness 10000) in paragraph at lines 31--33

 []


Underfull \hbox (badness 10000) in paragraph at lines 34--36

 []


Underfull \hbox (badness 10000) in paragraph at lines 37--40

 []

[323]

Package hyperref Warning: Difference (2) between bookmark levels is greater 
(hyperref)                than one, level fixed on input line 66.


Underfull \hbox (badness 10000) in paragraph at lines 81--83

 []


Overfull \hbox (37.9843pt too wide) in paragraph at lines 93--93
[] 
 []

[324]
Underfull \hbox (badness 10000) in paragraph at lines 114--115

 []


Underfull \hbox (badness 10000) in paragraph at lines 116--117

 []


Underfull \hbox (badness 10000) in paragraph at lines 122--124

 []


Underfull \hbox (badness 10000) in paragraph at lines 125--127

 []

[325]
Overfull \hbox (15.32889pt too wide) in paragraph at lines 163--170
[]\OT1/cmr/m/n/12 (\OML/cmm/m/it/12 a; X\OT1/cmr/m/n/12 ) = \OML/cmm/m/it/12 E 
[] \OT1/cmr/m/n/12 = \OML/cmm/m/it/12 E [] \OT1/cmr/m/n/12 = [] =
 []

[326]
Underfull \hbox (badness 10000) in paragraph at lines 236--237

 []

) [327]
\openout2 = `chapters/Lecture30.aux'.

 (chapters/Lecture30.tex
Chapter 30.

Underfull \hbox (badness 10000) in paragraph at lines 2--3

 []


Underfull \hbox (badness 10000) in paragraph at lines 11--13

 []

[328



]

Package hyperref Warning: Difference (2) between bookmark levels is greater 
(hyperref)                than one, level fixed on input line 39.


Underfull \hbox (badness 10000) in paragraph at lines 57--58

 []


Underfull \hbox (badness 10000) in paragraph at lines 59--60

 []


Overfull \hbox (16.88388pt too wide) detected at line 65
\OML/cmm/m/it/12 \OT1/cmr/m/n/12 (\OML/cmm/m/it/12 X; Y\OT1/cmr/m/n/12 ) = [] 
= [] = [][](\OML/cmm/m/it/12 X; Y\OT1/cmr/m/n/12 ) = [] []
 []

[329]) [330]
\openout2 = `appendices/AppendixA.aux'.

 (appendices/AppendixA.tex
Underfull \hbox (badness 10000) in paragraph at lines 6--7

 []


Underfull \hbox (badness 10000) in paragraph at lines 8--9

 []


Underfull \hbox (badness 10000) in paragraph at lines 10--12

 []


Underfull \hbox (badness 10000) in paragraph at lines 13--15

 []


Underfull \hbox (badness 10000) in paragraph at lines 16--17

 []


Underfull \hbox (badness 10000) in paragraph at lines 18--19

 []


Underfull \hbox (badness 10000) in paragraph at lines 20--21

 []


Underfull \hbox (badness 10000) in paragraph at lines 22--24

 []


Underfull \hbox (badness 10000) in paragraph at lines 25--27

 []


Underfull \hbox (badness 10000) in paragraph at lines 33--34

 []


Underfull \hbox (badness 10000) in paragraph at lines 35--37

 []


Underfull \hbox (badness 10000) in paragraph at lines 38--40

 []


Underfull \hbox (badness 10000) in paragraph at lines 41--43

 []

[331


]
Underfull \hbox (badness 10000) in paragraph at lines 48--50

 []


Underfull \hbox (badness 10000) in paragraph at lines 55--56

 []


Underfull \hbox (badness 10000) in paragraph at lines 57--58

 []


Underfull \hbox (badness 10000) in paragraph at lines 60--62

 []


Underfull \hbox (badness 10000) in paragraph at lines 63--65

 []


Underfull \hbox (badness 10000) in paragraph at lines 70--74

 []


Underfull \hbox (badness 10000) in paragraph at lines 75--78

 []


Underfull \hbox (badness 10000) in paragraph at lines 79--82

 []


Underfull \hbox (badness 10000) in paragraph at lines 83--85

 []


Underfull \hbox (badness 10000) in paragraph at lines 86--87

 []


Underfull \hbox (badness 10000) in paragraph at lines 88--92

 []

[332]
Underfull \hbox (badness 10000) in paragraph at lines 93--95

 []

) [333]
\openout2 = `appendices/AppendixB.aux'.

 (appendices/AppendixB.tex
Underfull \hbox (badness 10000) in paragraph at lines 2--3

 []

[334


]
Underfull \hbox (badness 10000) in paragraph at lines 98--100

 []

[335]
Underfull \hbox (badness 10000) in paragraph at lines 113--115

 []

) [336]
\openout2 = `appendices/AppendixD.aux'.

 (appendices/AppendixD.tex
Underfull \hbox (badness 10000) in paragraph at lines 2--3

 []

) [337


]
\openout2 = `appendices/AppendixE.aux'.

 (appendices/AppendixE.tex
Underfull \hbox (badness 10000) in paragraph at lines 2--3

 []

[338


]) [339]
Package atveryend Info: Empty hook `BeforeClearDocument' on input line 730.
Package atveryend Info: Empty hook `AfterLastShipout' on input line 730.
 (PMnotes.aux (chapters/Lecture1.aux) (chapters/Lecture2.aux)
(chapters/Lecture3.aux) (chapters/Lecture4.aux) (chapters/Lecture5.aux)
(chapters/Lecture6.aux) (chapters/Lecture7.aux) (chapters/Lecture8.aux)
(chapters/Lecture9.aux) (chapters/Lecture10.aux) (chapters/Lecture11.aux)
(chapters/Lecture12.aux) (chapters/Lecture13.aux) (chapters/Lecture14.aux)
(chapters/Lecture15.aux) (chapters/Lecture16.aux) (chapters/Lecture17.aux)
(chapters/Lecture18.aux) (chapters/Lecture19.aux) (chapters/Lecture20.aux)
(chapters/Lecture21.aux) (chapters/Lecture22.aux) (chapters/Lecture23.aux)
(chapters/Lecture24.aux) (chapters/Lecture25.aux) (chapters/Lecture26.aux)
(chapters/Lecture27.aux) (chapters/Lecture28.aux) (chapters/Lecture29.aux)
(chapters/Lecture30.aux) (appendices/AppendixA.aux) (appendices/AppendixB.aux)
(appendices/AppendixD.aux) (appendices/AppendixE.aux))
Package atveryend Info: Executing hook `AtVeryEndDocument' on input line 730.
Package atveryend Info: Executing hook `AtEndAfterFileList' on input line 730.
Package rerunfilecheck Info: File `PMnotes.out' has not changed.
(rerunfilecheck)             Checksum: 37FF8BE65AAA0EE68B1B1201E677E91F;29834.


LaTeX Font Warning: Some font shapes were not available, defaults substituted.


LaTeX Warning: There were multiply-defined labels.

Package atveryend Info: Empty hook `AtVeryVeryEnd' on input line 730.
 ) 
Here is how much of TeX's memory you used:
 58251 strings out of 493333
 1278228 string characters out of 3128841
 1302424 words of memory out of 3000000
 59514 multiletter control sequences out of 15000+200000
 28388 words of font info for 107 fonts, out of 3000000 for 9000
 1141 hyphenation exceptions out of 8191
 62i,17n,96p,1188b,2020s stack positions out of 5000i,500n,10000p,200000b,50000s
<C:/Users/15740240/AppData/Local/Programs/MiKTeX 2.9/fonts/type1/public/amsfo
nts/cm/cmbsy10.pfb><C:/Users/15740240/AppData/Local/Programs/MiKTeX 2.9/fonts/t
ype1/public/amsfonts/cmextra/cmbsy8.pfb><C:/Users/15740240/AppData/Local/Progra
ms/MiKTeX 2.9/fonts/type1/public/amsfonts/cm/cmbx10.pfb><C:/Users/15740240/AppD
ata/Local/Programs/MiKTeX 2.9/fonts/type1/public/amsfonts/cm/cmbx12.pfb><C:/Use
rs/15740240/AppData/Local/Programs/MiKTeX 2.9/fonts/type1/public/amsfonts/cm/cm
bx8.pfb><C:/Users/15740240/AppData/Local/Programs/MiKTeX 2.9/fonts/type1/public
/amsfonts/cm/cmbxti10.pfb><C:/Users/15740240/AppData/Local/Programs/MiKTeX 2.9/
fonts/type1/public/amsfonts/cm/cmex10.pfb><C:/Users/15740240/AppData/Local/Prog
rams/MiKTeX 2.9/fonts/type1/public/amsfonts/cm/cmmi10.pfb><C:/Users/15740240/Ap
pData/Local/Programs/MiKTeX 2.9/fonts/type1/public/amsfonts/cm/cmmi12.pfb><C:/U
sers/15740240/AppData/Local/Programs/MiKTeX 2.9/fonts/type1/public/amsfonts/cm/
cmmi6.pfb><C:/Users/15740240/AppData/Local/Programs/MiKTeX 2.9/fonts/type1/publ
ic/amsfonts/cm/cmmi7.pfb><C:/Users/15740240/AppData/Local/Programs/MiKTeX 2.9/f
onts/type1/public/amsfonts/cm/cmmi8.pfb><C:/Users/15740240/AppData/Local/Progra
ms/MiKTeX 2.9/fonts/type1/public/amsfonts/cm/cmmib10.pfb><C:/Users/15740240/App
Data/Local/Programs/MiKTeX 2.9/fonts/type1/public/amsfonts/cmextra/cmmib8.pfb><
C:/Users/15740240/AppData/Local/Programs/MiKTeX 2.9/fonts/type1/public/amsfonts
/cm/cmr10.pfb><C:/Users/15740240/AppData/Local/Programs/MiKTeX 2.9/fonts/type1/
public/amsfonts/cm/cmr12.pfb><C:/Users/15740240/AppData/Local/Programs/MiKTeX 2
.9/fonts/type1/public/amsfonts/cm/cmr17.pfb><C:/Users/15740240/AppData/Local/Pr
ograms/MiKTeX 2.9/fonts/type1/public/amsfonts/cm/cmr6.pfb><C:/Users/15740240/Ap
pData/Local/Programs/MiKTeX 2.9/fonts/type1/public/amsfonts/cm/cmr7.pfb><C:/Use
rs/15740240/AppData/Local/Programs/MiKTeX 2.9/fonts/type1/public/amsfonts/cm/cm
r8.pfb><C:/Users/15740240/AppData/Local/Programs/MiKTeX 2.9/fonts/type1/public/
amsfonts/cm/cmsy10.pfb><C:/Users/15740240/AppData/Local/Programs/MiKTeX 2.9/fon
ts/type1/public/amsfonts/cm/cmsy6.pfb><C:/Users/15740240/AppData/Local/Programs
/MiKTeX 2.9/fonts/type1/public/amsfonts/cm/cmsy8.pfb><C:/Users/15740240/AppData
/Local/Programs/MiKTeX 2.9/fonts/type1/public/amsfonts/cm/cmti12.pfb><C:/Users/
15740240/AppData/Local/Programs/MiKTeX 2.9/fonts/type1/public/amsfonts/cm/cmti8
.pfb><C:/Users/15740240/AppData/Local/Programs/MiKTeX 2.9/fonts/type1/public/am
sfonts/symbols/msam10.pfb><C:/Users/15740240/AppData/Local/Programs/MiKTeX 2.9/
fonts/type1/public/amsfonts/symbols/msbm10.pfb>
Output written on PMnotes.pdf (349 pages, 2532204 bytes).
PDF statistics:
 4995 PDF objects out of 5155 (max. 8388607)
 1485 named destinations out of 1728 (max. 500000)
 2938 words of extra memory for PDF output out of 10000 (max. 10000000)

